DATAFLOW,LAST UPDATE,freq,nace_r2,wstatus,worktime,age,sex,unit,geo,TIME_PERIOD,OBS_VALUE,OBS_FLAG,CONF_STATUS
ESTAT:LFSA_EWHUN2(1.0),11/12/25 23:00:00,Annual,Total - all NACE activities,Employed persons,Total,From 15 to 64 years,Total,Hour,Austria,2008,38.6,,
ESTAT:LFSA_EWHUN2(1.0),11/12/25 23:00:00,Annual,Total - all NACE activities,Employed persons,Total,From 15 to 64 years,Total,Hour,Austria,2009,38.2,,
ESTAT:LFSA_EWHUN2(1.0),11/12/25 23:00:00,Annual,Total - all NACE activities,Employed persons,Total,From 15 to 64 years,Total,Hour,Austria,2010,38.0,,
ESTAT:LFSA_EWHUN2(1.0),11/12/25 23:00:00,Annual,Total - all NACE activities,Employed persons,Total,From 15 to 64 years,Total,Hour,Austria,2011,37.9,,
ESTAT:LFSA_EWHUN2(1.0),11/12/25 23:00:00,Annual,Total - all NACE activities,Employed persons,Total,From 15 to 64 years,Total,Hour,Austria,2012,37.7,,
ESTAT:LFSA_EWHUN2(1.0),11/12/25 23:00:00,Annual,Total - all NACE activities,Employed persons,Total,From 15 to 64 years,Total,Hour,Austria,2013,37.3,,
ESTAT:LFSA_EWHUN2(1.0),11/12/25 23:00:00,Annual,Total - all NACE activities,Employed persons,Total,From 15 to 64 years,Total,Hour,Austria,2014,37.0,,
ESTAT:LFSA_EWHUN2(1.0),11/12/25 23:00:00,Annual,Total - all NACE activities,Employed persons,Total,From 15 to 64 years,Total,Hour,Austria,2015,36.9,,
ESTAT:LFSA_EWHUN2(1.0),11/12/25 23:00:00,Annual,Total - all NACE activities,Employed persons,Total,From 15 to 64 years,Total,Hour,Austria,2016,36.8,,
ESTAT:LFSA_EWHUN2(1.0),11/12/25 23:00:00,Annual,Total - all NACE activities,Employed persons,Total,From 15 to 64 years,Total,Hour,Austria,2017,36.7,,
ESTAT:LFSA_EWHUN2(1.0),11/12/25 23:00:00,Annual,Total - all NACE activities,Employed persons,Total,From 15 to 64 years,Total,Hour,Austria,2018,36.7,,
ESTAT:LFSA_EWHUN2(1.0),11/12/25 23:00:00,Annual,Total - all NACE activities,Employed persons,Total,From 15 to 64 years,Total,Hour,Austria,2019,36.7,,
ESTAT:LFSA_EWHUN2(1.0),11/12/25 23:00:00,Annual,Total - all NACE activities,Employed persons,Total,From 15 to 64 years,Total,Hour,Austria,2020,36.6,,
ESTAT:LFSA_EWHUN2(1.0),11/12/25 23:00:00,Annual,Total - all NACE activities,Employed persons,Total,From 15 to 64 years,Total,Hour,Austria,2021,36.1,b,
ESTAT:LFSA_EWHUN2(1.0),11/12/25 23:00:00,Annual,Total - all NACE activities,Employed persons,Total,From 15 to 64 years,Total,Hour,Austria,2022,35.9,,
ESTAT:LFSA_EWHUN2(1.0),11/12/25 23:00:00,Annual,Total - all NACE activities,Employed persons,Total,From 15 to 64 years,Total,Hour,Austria,2023,35.9,,
ESTAT:LFSA_EWHUN2(1.0),11/12/25 23:00:00,Annual,Total - all NACE activities,Employed persons,Total,From 15 to 64 years,Total,Hour,Austria,2024,35.7,,
ESTAT:LFSA_EWHUN2(1.0),11/12/25 23:00:00,Annual,Total - all NACE activities,Employed persons,Total,From 15 to 64 years,Total,Hour,Bosnia and Herzegovina,2021,41.6,b,
ESTAT:LFSA_EWHUN2(1.0),11/12/25 23:00:00,Annual,Total - all NACE activities,Employed persons,Total,From 15 to 64 years,Total,Hour,Bosnia and Herzegovina,2022,41.8,,
ESTAT:LFSA_EWHUN2(1.0),11/12/25 23:00:00,Annual,Total - all NACE activities,Employed persons,Total,From 15 to 64 years,Total,Hour,Bosnia and Herzegovina,2023,41.9,,
ESTAT:LFSA_EWHUN2(1.0),11/12/25 23:00:00,Annual,Total - all NACE activities,Employed persons,Total,From 15 to 64 years,Total,Hour,Bosnia and Herzegovina,2024,41.7,,
ESTAT:LFSA_EWHUN2(1.0),11/12/25 23:00:00,Annual,Total - all NACE activities,Employed persons,Total,From 15 to 64 years,Total,Hour,Belgium,2008,36.8,,
ESTAT:LFSA_EWHUN2(1.0),11/12/25 23:00:00,Annual,Total - all NACE activities,Employed persons,Total,From 15 to 64 years,Total,Hour,Belgium,2009,36.8,,
ESTAT:LFSA_EWHUN2(1.0),11/12/25 23:00:00,Annual,Total - all NACE activities,Employed persons,Total,From 15 to 64 years,Total,Hour,Belgium,2010,37.0,,
ESTAT:LFSA_EWHUN2(1.0),11/12/25 23:00:00,Annual,Total - all NACE activities,Employed persons,Total,From 15 to 64 years,Total,Hour,Belgium,2011,36.9,b,
ESTAT:LFSA_EWHUN2(1.0),11/12/25 23:00:00,Annual,Total - all NACE activities,Employed persons,Total,From 15 to 64 years,Total,Hour,Belgium,2012,37.0,,
ESTAT:LFSA_EWHUN2(1.0),11/12/25 23:00:00,Annual,Total - all NACE activities,Employed persons,Total,From 15 to 64 years,Total,Hour,Belgium,2013,37.3,,
ESTAT:LFSA_EWHUN2(1.0),11/12/25 23:00:00,Annual,Total - all NACE activities,Employed persons,Total,From 15 to 64 years,Total,Hour,Belgium,2014,37.2,,
ESTAT:LFSA_EWHUN2(1.0),11/12/25 23:00:00,Annual,Total - all NACE activities,Employed persons,Total,From 15 to 64 years,Total,Hour,Belgium,2015,37.1,,
ESTAT:LFSA_EWHUN2(1.0),11/12/25 23:00:00,Annual,Total - all NACE activities,Employed persons,Total,From 15 to 64 years,Total,Hour,Belgium,2016,37.1,,
ESTAT:LFSA_EWHUN2(1.0),11/12/25 23:00:00,Annual,Total - all NACE activities,Employed persons,Total,From 15 to 64 years,Total,Hour,Belgium,2017,37.6,b,
ESTAT:LFSA_EWHUN2(1.0),11/12/25 23:00:00,Annual,Total - all NACE activities,Employed persons,Total,From 15 to 64 years,Total,Hour,Belgium,2018,37.3,,
ESTAT:LFSA_EWHUN2(1.0),11/12/25 23:00:00,Annual,Total - all NACE activities,Employed persons,Total,From 15 to 64 years,Total,Hour,Belgium,2019,37.3,,
ESTAT:LFSA_EWHUN2(1.0),11/12/25 23:00:00,Annual,Total - all NACE activities,Employed persons,Total,From 15 to 64 years,Total,Hour,Belgium,2020,37.3,,
ESTAT:LFSA_EWHUN2(1.0),11/12/25 23:00:00,Annual,Total - all NACE activities,Employed persons,Total,From 15 to 64 years,Total,Hour,Belgium,2021,36.7,b,
ESTAT:LFSA_EWHUN2(1.0),11/12/25 23:00:00,Annual,Total - all NACE activities,Employed persons,Total,From 15 to 64 years,Total,Hour,Belgium,2022,36.7,,
ESTAT:LFSA_EWHUN2(1.0),11/12/25 23:00:00,Annual,Total - all NACE activities,Employed persons,Total,From 15 to 64 years,Total,Hour,Belgium,2023,36.4,,
ESTAT:LFSA_EWHUN2(1.0),11/12/25 23:00:00,Annual,Total - all NACE activities,Employed persons,Total,From 15 to 64 years,Total,Hour,Belgium,2024,36.2,,
ESTAT:LFSA_EWHUN2(1.0),11/12/25 23:00:00,Annual,Total - all NACE activities,Employed persons,Total,From 15 to 64 years,Total,Hour,Bulgaria,2008,41.7,b,
ESTAT:LFSA_EWHUN2(1.0),11/12/25 23:00:00,Annual,Total - all NACE activities,Employed persons,Total,From 15 to 64 years,Total,Hour,Bulgaria,2009,41.4,,
ESTAT:LFSA_EWHUN2(1.0),11/12/25 23:00:00,Annual,Total - all NACE activities,Employed persons,Total,From 15 to 64 years,Total,Hour,Bulgaria,2010,41.2,b,
ESTAT:LFSA_EWHUN2(1.0),11/12/25 23:00:00,Annual,Total - all NACE activities,Employed persons,Total,From 15 to 64 years,Total,Hour,Bulgaria,2011,40.9,b,
ESTAT:LFSA_EWHUN2(1.0),11/12/25 23:00:00,Annual,Total - all NACE activities,Employed persons,Total,From 15 to 64 years,Total,Hour,Bulgaria,2012,40.8,,
ESTAT:LFSA_EWHUN2(1.0),11/12/25 23:00:00,Annual,Total - all NACE activities,Employed persons,Total,From 15 to 64 years,Total,Hour,Bulgaria,2013,40.7,,
ESTAT:LFSA_EWHUN2(1.0),11/12/25 23:00:00,Annual,Total - all NACE activities,Employed persons,Total,From 15 to 64 years,Total,Hour,Bulgaria,2014,40.8,,
ESTAT:LFSA_EWHUN2(1.0),11/12/25 23:00:00,Annual,Total - all NACE activities,Employed persons,Total,From 15 to 64 years,Total,Hour,Bulgaria,2015,40.9,,
ESTAT:LFSA_EWHUN2(1.0),11/12/25 23:00:00,Annual,Total - all NACE activities,Employed persons,Total,From 15 to 64 years,Total,Hour,Bulgaria,2016,40.8,,
ESTAT:LFSA_EWHUN2(1.0),11/12/25 23:00:00,Annual,Total - all NACE activities,Employed persons,Total,From 15 to 64 years,Total,Hour,Bulgaria,2017,40.8,,
ESTAT:LFSA_EWHUN2(1.0),11/12/25 23:00:00,Annual,Total - all NACE activities,Employed persons,Total,From 15 to 64 years,Total,Hour,Bulgaria,2018,40.7,,
ESTAT:LFSA_EWHUN2(1.0),11/12/25 23:00:00,Annual,Total - all NACE activities,Employed persons,Total,From 15 to 64 years,Total,Hour,Bulgaria,2019,40.5,b,
ESTAT:LFSA_EWHUN2(1.0),11/12/25 23:00:00,Annual,Total - all NACE activities,Employed persons,Total,From 15 to 64 years,Total,Hour,Bulgaria,2020,40.4,,
ESTAT:LFSA_EWHUN2(1.0),11/12/25 23:00:00,Annual,Total - all NACE activities,Employed persons,Total,From 15 to 64 years,Total,Hour,Bulgaria,2021,40.4,b,
ESTAT:LFSA_EWHUN2(1.0),11/12/25 23:00:00,Annual,Total - all NACE activities,Employed persons,Total,From 15 to 64 years,Total,Hour,Bulgaria,2022,40.2,,
ESTAT:LFSA_EWHUN2(1.0),11/12/25 23:00:00,Annual,Total - all NACE activities,Employed persons,Total,From 15 to 64 years,Total,Hour,Bulgaria,2023,40.1,,
ESTAT:LFSA_EWHUN2(1.0),11/12/25 23:00:00,Annual,Total - all NACE activities,Employed persons,Total,From 15 to 64 years,Total,Hour,Bulgaria,2024,40.0,b,
ESTAT:LFSA_EWHUN2(1.0),11/12/25 23:00:00,Annual,Total - all NACE activities,Employed persons,Total,From 15 to 64 years,Total,Hour,Switzerland,2008,35.2,,
ESTAT:LFSA_EWHUN2(1.0),11/12/25 23:00:00,Annual,Total - all NACE activities,Employed persons,Total,From 15 to 64 years,Total,Hour,Switzerland,2009,35.0,,
ESTAT:LFSA_EWHUN2(1.0),11/12/25 23:00:00,Annual,Total - all NACE activities,Employed persons,Total,From 15 to 64 years,Total,Hour,Switzerland,2010,35.6,b,
ESTAT:LFSA_EWHUN2(1.0),11/12/25 23:00:00,Annual,Total - all NACE activities,Employed persons,Total,From 15 to 64 years,Total,Hour,Switzerland,2011,35.7,,
ESTAT:LFSA_EWHUN2(1.0),11/12/25 23:00:00,Annual,Total - all NACE activities,Employed persons,Total,From 15 to 64 years,Total,Hour,Switzerland,2012,35.6,,
ESTAT:LFSA_EWHUN2(1.0),11/12/25 23:00:00,Annual,Total - all NACE activities,Employed persons,Total,From 15 to 64 years,Total,Hour,Switzerland,2013,35.5,,
ESTAT:LFSA_EWHUN2(1.0),11/12/25 23:00:00,Annual,Total - all NACE activities,Employed persons,Total,From 15 to 64 years,Total,Hour,Switzerland,2014,35.3,,
ESTAT:LFSA_EWHUN2(1.0),11/12/25 23:00:00,Annual,Total - all NACE activities,Employed persons,Total,From 15 to 64 years,Total,Hour,Switzerland,2015,35.4,,
ESTAT:LFSA_EWHUN2(1.0),11/12/25 23:00:00,Annual,Total - all NACE activities,Employed persons,Total,From 15 to 64 years,Total,Hour,Switzerland,2016,35.3,,
ESTAT:LFSA_EWHUN2(1.0),11/12/25 23:00:00,Annual,Total - all NACE activities,Employed persons,Total,From 15 to 64 years,Total,Hour,Switzerland,2017,35.3,,
ESTAT:LFSA_EWHUN2(1.0),11/12/25 23:00:00,Annual,Total - all NACE activities,Employed persons,Total,From 15 to 64 years,Total,Hour,Switzerland,2018,35.3,,
ESTAT:LFSA_EWHUN2(1.0),11/12/25 23:00:00,Annual,Total - all NACE activities,Employed persons,Total,From 15 to 64 years,Total,Hour,Switzerland,2019,35.2,,
ESTAT:LFSA_EWHUN2(1.0),11/12/25 23:00:00,Annual,Total - all NACE activities,Employed persons,Total,From 15 to 64 years,Total,Hour,Switzerland,2020,35.2,,
ESTAT:LFSA_EWHUN2(1.0),11/12/25 23:00:00,Annual,Total - all NACE activities,Employed persons,Total,From 15 to 64 years,Total,Hour,Switzerland,2021,36.1,b,
ESTAT:LFSA_EWHUN2(1.0),11/12/25 23:00:00,Annual,Total - all NACE activities,Employed persons,Total,From 15 to 64 years,Total,Hour,Switzerland,2022,36.1,,
ESTAT:LFSA_EWHUN2(1.0),11/12/25 23:00:00,Annual,Total - all NACE activities,Employed persons,Total,From 15 to 64 years,Total,Hour,Switzerland,2023,36.1,,
ESTAT:LFSA_EWHUN2(1.0),11/12/25 23:00:00,Annual,Total - all NACE activities,Employed persons,Total,From 15 to 64 years,Total,Hour,Switzerland,2024,36.0,,
ESTAT:LFSA_EWHUN2(1.0),11/12/25 23:00:00,Annual,Total - all NACE activities,Employed persons,Total,From 15 to 64 years,Total,Hour,Cyprus,2008,40.4,,
ESTAT:LFSA_EWHUN2(1.0),11/12/25 23:00:00,Annual,Total - all NACE activities,Employed persons,Total,From 15 to 64 years,Total,Hour,Cyprus,2009,40.5,b,
ESTAT:LFSA_EWHUN2(1.0),11/12/25 23:00:00,Annual,Total - all NACE activities,Employed persons,Total,From 15 to 64 years,Total,Hour,Cyprus,2010,40.4,,
ESTAT:LFSA_EWHUN2(1.0),11/12/25 23:00:00,Annual,Total - all NACE activities,Employed persons,Total,From 15 to 64 years,Total,Hour,Cyprus,2011,40.0,,
ESTAT:LFSA_EWHUN2(1.0),11/12/25 23:00:00,Annual,Total - all NACE activities,Employed persons,Total,From 15 to 64 years,Total,Hour,Cyprus,2012,40.0,,
ESTAT:LFSA_EWHUN2(1.0),11/12/25 23:00:00,Annual,Total - all NACE activities,Employed persons,Total,From 15 to 64 years,Total,Hour,Cyprus,2013,40.0,,
ESTAT:LFSA_EWHUN2(1.0),11/12/25 23:00:00,Annual,Total - all NACE activities,Employed persons,Total,From 15 to 64 years,Total,Hour,Cyprus,2014,39.5,,
ESTAT:LFSA_EWHUN2(1.0),11/12/25 23:00:00,Annual,Total - all NACE activities,Employed persons,Total,From 15 to 64 years,Total,Hour,Cyprus,2015,39.6,,
ESTAT:LFSA_EWHUN2(1.0),11/12/25 23:00:00,Annual,Total - all NACE activities,Employed persons,Total,From 15 to 64 years,Total,Hour,Cyprus,2016,39.3,,
ESTAT:LFSA_EWHUN2(1.0),11/12/25 23:00:00,Annual,Total - all NACE activities,Employed persons,Total,From 15 to 64 years,Total,Hour,Cyprus,2017,39.4,,
ESTAT:LFSA_EWHUN2(1.0),11/12/25 23:00:00,Annual,Total - all NACE activities,Employed persons,Total,From 15 to 64 years,Total,Hour,Cyprus,2018,39.4,,
ESTAT:LFSA_EWHUN2(1.0),11/12/25 23:00:00,Annual,Total - all NACE activities,Employed persons,Total,From 15 to 64 years,Total,Hour,Cyprus,2019,39.5,,
ESTAT:LFSA_EWHUN2(1.0),11/12/25 23:00:00,Annual,Total - all NACE activities,Employed persons,Total,From 15 to 64 years,Total,Hour,Cyprus,2020,39.3,,
ESTAT:LFSA_EWHUN2(1.0),11/12/25 23:00:00,Annual,Total - all NACE activities,Employed persons,Total,From 15 to 64 years,Total,Hour,Cyprus,2021,39.0,b,
ESTAT:LFSA_EWHUN2(1.0),11/12/25 23:00:00,Annual,Total - all NACE activities,Employed persons,Total,From 15 to 64 years,Total,Hour,Cyprus,2022,39.4,,
ESTAT:LFSA_EWHUN2(1.0),11/12/25 23:00:00,Annual,Total - all NACE activities,Employed persons,Total,From 15 to 64 years,Total,Hour,Cyprus,2023,39.8,,
ESTAT:LFSA_EWHUN2(1.0),11/12/25 23:00:00,Annual,Total - all NACE activities,Employed persons,Total,From 15 to 64 years,Total,Hour,Cyprus,2024,39.9,,
ESTAT:LFSA_EWHUN2(1.0),11/12/25 23:00:00,Annual,Total - all NACE activities,Employed persons,Total,From 15 to 64 years,Total,Hour,Czechia,2008,41.9,,
ESTAT:LFSA_EWHUN2(1.0),11/12/25 23:00:00,Annual,Total - all NACE activities,Employed persons,Total,From 15 to 64 years,Total,Hour,Czechia,2009,41.6,,
ESTAT:LFSA_EWHUN2(1.0),11/12/25 23:00:00,Annual,Total - all NACE activities,Employed persons,Total,From 15 to 64 years,Total,Hour,Czechia,2010,41.4,,
ESTAT:LFSA_EWHUN2(1.0),11/12/25 23:00:00,Annual,Total - all NACE activities,Employed persons,Total,From 15 to 64 years,Total,Hour,Czechia,2011,41.3,b,
ESTAT:LFSA_EWHUN2(1.0),11/12/25 23:00:00,Annual,Total - all NACE activities,Employed persons,Total,From 15 to 64 years,Total,Hour,Czechia,2012,41.1,,
ESTAT:LFSA_EWHUN2(1.0),11/12/25 23:00:00,Annual,Total - all NACE activities,Employed persons,Total,From 15 to 64 years,Total,Hour,Czechia,2013,40.7,,
ESTAT:LFSA_EWHUN2(1.0),11/12/25 23:00:00,Annual,Total - all NACE activities,Employed persons,Total,From 15 to 64 years,Total,Hour,Czechia,2014,40.7,,
ESTAT:LFSA_EWHUN2(1.0),11/12/25 23:00:00,Annual,Total - all NACE activities,Employed persons,Total,From 15 to 64 years,Total,Hour,Czechia,2015,40.7,,
ESTAT:LFSA_EWHUN2(1.0),11/12/25 23:00:00,Annual,Total - all NACE activities,Employed persons,Total,From 15 to 64 years,Total,Hour,Czechia,2016,40.6,,
ESTAT:LFSA_EWHUN2(1.0),11/12/25 23:00:00,Annual,Total - all NACE activities,Employed persons,Total,From 15 to 64 years,Total,Hour,Czechia,2017,40.4,,
ESTAT:LFSA_EWHUN2(1.0),11/12/25 23:00:00,Annual,Total - all NACE activities,Employed persons,Total,From 15 to 64 years,Total,Hour,Czechia,2018,40.4,,
ESTAT:LFSA_EWHUN2(1.0),11/12/25 23:00:00,Annual,Total - all NACE activities,Employed persons,Total,From 15 to 64 years,Total,Hour,Czechia,2019,40.3,,
ESTAT:LFSA_EWHUN2(1.0),11/12/25 23:00:00,Annual,Total - all NACE activities,Employed persons,Total,From 15 to 64 years,Total,Hour,Czechia,2020,40.2,,
ESTAT:LFSA_EWHUN2(1.0),11/12/25 23:00:00,Annual,Total - all NACE activities,Employed persons,Total,From 15 to 64 years,Total,Hour,Czechia,2021,39.7,b,
ESTAT:LFSA_EWHUN2(1.0),11/12/25 23:00:00,Annual,Total - all NACE activities,Employed persons,Total,From 15 to 64 years,Total,Hour,Czechia,2022,39.8,,
ESTAT:LFSA_EWHUN2(1.0),11/12/25 23:00:00,Annual,Total - all NACE activities,Employed persons,Total,From 15 to 64 years,Total,Hour,Czechia,2023,39.6,,
ESTAT:LFSA_EWHUN2(1.0),11/12/25 23:00:00,Annual,Total - all NACE activities,Employed persons,Total,From 15 to 64 years,Total,Hour,Czechia,2024,39.4,,
ESTAT:LFSA_EWHUN2(1.0),11/12/25 23:00:00,Annual,Total - all NACE activities,Employed persons,Total,From 15 to 64 years,Total,Hour,Germany,2008,35.8,,
ESTAT:LFSA_EWHUN2(1.0),11/12/25 23:00:00,Annual,Total - all NACE activities,Employed persons,Total,From 15 to 64 years,Total,Hour,Germany,2009,35.9,,
ESTAT:LFSA_EWHUN2(1.0),11/12/25 23:00:00,Annual,Total - all NACE activities,Employed persons,Total,From 15 to 64 years,Total,Hour,Germany,2010,35.9,b,
ESTAT:LFSA_EWHUN2(1.0),11/12/25 23:00:00,Annual,Total - all NACE activities,Employed persons,Total,From 15 to 64 years,Total,Hour,Germany,2011,35.8,b,
ESTAT:LFSA_EWHUN2(1.0),11/12/25 23:00:00,Annual,Total - all NACE activities,Employed persons,Total,From 15 to 64 years,Total,Hour,Germany,2012,35.8,b,
ESTAT:LFSA_EWHUN2(1.0),11/12/25 23:00:00,Annual,Total - all NACE activities,Employed persons,Total,From 15 to 64 years,Total,Hour,Germany,2013,35.6,,
ESTAT:LFSA_EWHUN2(1.0),11/12/25 23:00:00,Annual,Total - all NACE activities,Employed persons,Total,From 15 to 64 years,Total,Hour,Germany,2014,35.6,,
ESTAT:LFSA_EWHUN2(1.0),11/12/25 23:00:00,Annual,Total - all NACE activities,Employed persons,Total,From 15 to 64 years,Total,Hour,Germany,2015,35.5,,
ESTAT:LFSA_EWHUN2(1.0),11/12/25 23:00:00,Annual,Total - all NACE activities,Employed persons,Total,From 15 to 64 years,Total,Hour,Germany,2016,35.5,,
ESTAT:LFSA_EWHUN2(1.0),11/12/25 23:00:00,Annual,Total - all NACE activities,Employed persons,Total,From 15 to 64 years,Total,Hour,Germany,2017,35.4,,
ESTAT:LFSA_EWHUN2(1.0),11/12/25 23:00:00,Annual,Total - all NACE activities,Employed persons,Total,From 15 to 64 years,Total,Hour,Germany,2018,35.4,,
ESTAT:LFSA_EWHUN2(1.0),11/12/25 23:00:00,Annual,Total - all NACE activities,Employed persons,Total,From 15 to 64 years,Total,Hour,Germany,2019,35.3,,
ESTAT:LFSA_EWHUN2(1.0),11/12/25 23:00:00,Annual,Total - all NACE activities,Employed persons,Total,From 15 to 64 years,Total,Hour,Germany,2020,35.2,b,
ESTAT:LFSA_EWHUN2(1.0),11/12/25 23:00:00,Annual,Total - all NACE activities,Employed persons,Total,From 15 to 64 years,Total,Hour,Germany,2021,35.3,b,
ESTAT:LFSA_EWHUN2(1.0),11/12/25 23:00:00,Annual,Total - all NACE activities,Employed persons,Total,From 15 to 64 years,Total,Hour,Germany,2022,35.2,,
ESTAT:LFSA_EWHUN2(1.0),11/12/25 23:00:00,Annual,Total - all NACE activities,Employed persons,Total,From 15 to 64 years,Total,Hour,Germany,2023,34.9,,
ESTAT:LFSA_EWHUN2(1.0),11/12/25 23:00:00,Annual,Total - all NACE activities,Employed persons,Total,From 15 to 64 years,Total,Hour,Germany,2024,34.8,,
ESTAT:LFSA_EWHUN2(1.0),11/12/25 23:00:00,Annual,Total - all NACE activities,Employed persons,Total,From 15 to 64 years,Total,Hour,Denmark,2008,34.5,b,
ESTAT:LFSA_EWHUN2(1.0),11/12/25 23:00:00,Annual,Total - all NACE activities,Employed persons,Total,From 15 to 64 years,Total,Hour,Denmark,2009,34.1,,
ESTAT:LFSA_EWHUN2(1.0),11/12/25 23:00:00,Annual,Total - all NACE activities,Employed persons,Total,From 15 to 64 years,Total,Hour,Denmark,2010,34.1,,
ESTAT:LFSA_EWHUN2(1.0),11/12/25 23:00:00,Annual,Total - all NACE activities,Employed persons,Total,From 15 to 64 years,Total,Hour,Denmark,2011,34.1,,
ESTAT:LFSA_EWHUN2(1.0),11/12/25 23:00:00,Annual,Total - all NACE activities,Employed persons,Total,From 15 to 64 years,Total,Hour,Denmark,2012,34.0,,
ESTAT:LFSA_EWHUN2(1.0),11/12/25 23:00:00,Annual,Total - all NACE activities,Employed persons,Total,From 15 to 64 years,Total,Hour,Denmark,2013,34.0,,
ESTAT:LFSA_EWHUN2(1.0),11/12/25 23:00:00,Annual,Total - all NACE activities,Employed persons,Total,From 15 to 64 years,Total,Hour,Denmark,2014,33.8,,
ESTAT:LFSA_EWHUN2(1.0),11/12/25 23:00:00,Annual,Total - all NACE activities,Employed persons,Total,From 15 to 64 years,Total,Hour,Denmark,2015,33.9,,
ESTAT:LFSA_EWHUN2(1.0),11/12/25 23:00:00,Annual,Total - all NACE activities,Employed persons,Total,From 15 to 64 years,Total,Hour,Denmark,2016,33.7,b,
ESTAT:LFSA_EWHUN2(1.0),11/12/25 23:00:00,Annual,Total - all NACE activities,Employed persons,Total,From 15 to 64 years,Total,Hour,Denmark,2017,33.7,b,
ESTAT:LFSA_EWHUN2(1.0),11/12/25 23:00:00,Annual,Total - all NACE activities,Employed persons,Total,From 15 to 64 years,Total,Hour,Denmark,2018,33.7,,
ESTAT:LFSA_EWHUN2(1.0),11/12/25 23:00:00,Annual,Total - all NACE activities,Employed persons,Total,From 15 to 64 years,Total,Hour,Denmark,2019,33.5,,
ESTAT:LFSA_EWHUN2(1.0),11/12/25 23:00:00,Annual,Total - all NACE activities,Employed persons,Total,From 15 to 64 years,Total,Hour,Denmark,2020,33.6,,
ESTAT:LFSA_EWHUN2(1.0),11/12/25 23:00:00,Annual,Total - all NACE activities,Employed persons,Total,From 15 to 64 years,Total,Hour,Denmark,2021,34.6,b,
ESTAT:LFSA_EWHUN2(1.0),11/12/25 23:00:00,Annual,Total - all NACE activities,Employed persons,Total,From 15 to 64 years,Total,Hour,Denmark,2022,34.4,,
ESTAT:LFSA_EWHUN2(1.0),11/12/25 23:00:00,Annual,Total - all NACE activities,Employed persons,Total,From 15 to 64 years,Total,Hour,Denmark,2023,33.9,b,
ESTAT:LFSA_EWHUN2(1.0),11/12/25 23:00:00,Annual,Total - all NACE activities,Employed persons,Total,From 15 to 64 years,Total,Hour,Denmark,2024,33.5,,
ESTAT:LFSA_EWHUN2(1.0),11/12/25 23:00:00,Annual,Total - all NACE activities,Employed persons,Total,From 15 to 64 years,Total,Hour,Euro area – 20 countries (2023-2025),2008,37.5,,
ESTAT:LFSA_EWHUN2(1.0),11/12/25 23:00:00,Annual,Total - all NACE activities,Employed persons,Total,From 15 to 64 years,Total,Hour,Euro area – 20 countries (2023-2025),2009,37.4,,
ESTAT:LFSA_EWHUN2(1.0),11/12/25 23:00:00,Annual,Total - all NACE activities,Employed persons,Total,From 15 to 64 years,Total,Hour,Euro area – 20 countries (2023-2025),2010,37.3,,
ESTAT:LFSA_EWHUN2(1.0),11/12/25 23:00:00,Annual,Total - all NACE activities,Employed persons,Total,From 15 to 64 years,Total,Hour,Euro area – 20 countries (2023-2025),2011,37.2,,
ESTAT:LFSA_EWHUN2(1.0),11/12/25 23:00:00,Annual,Total - all NACE activities,Employed persons,Total,From 15 to 64 years,Total,Hour,Euro area – 20 countries (2023-2025),2012,37.0,,
ESTAT:LFSA_EWHUN2(1.0),11/12/25 23:00:00,Annual,Total - all NACE activities,Employed persons,Total,From 15 to 64 years,Total,Hour,Euro area – 20 countries (2023-2025),2013,36.8,,
ESTAT:LFSA_EWHUN2(1.0),11/12/25 23:00:00,Annual,Total - all NACE activities,Employed persons,Total,From 15 to 64 years,Total,Hour,Euro area – 20 countries (2023-2025),2014,36.8,,
ESTAT:LFSA_EWHUN2(1.0),11/12/25 23:00:00,Annual,Total - all NACE activities,Employed persons,Total,From 15 to 64 years,Total,Hour,Euro area – 20 countries (2023-2025),2015,36.7,,
ESTAT:LFSA_EWHUN2(1.0),11/12/25 23:00:00,Annual,Total - all NACE activities,Employed persons,Total,From 15 to 64 years,Total,Hour,Euro area – 20 countries (2023-2025),2016,36.7,,
ESTAT:LFSA_EWHUN2(1.0),11/12/25 23:00:00,Annual,Total - all NACE activities,Employed persons,Total,From 15 to 64 years,Total,Hour,Euro area – 20 countries (2023-2025),2017,36.7,,
ESTAT:LFSA_EWHUN2(1.0),11/12/25 23:00:00,Annual,Total - all NACE activities,Employed persons,Total,From 15 to 64 years,Total,Hour,Euro area – 20 countries (2023-2025),2018,36.7,,
ESTAT:LFSA_EWHUN2(1.0),11/12/25 23:00:00,Annual,Total - all NACE activities,Employed persons,Total,From 15 to 64 years,Total,Hour,Euro area – 20 countries (2023-2025),2019,36.7,,
ESTAT:LFSA_EWHUN2(1.0),11/12/25 23:00:00,Annual,Total - all NACE activities,Employed persons,Total,From 15 to 64 years,Total,Hour,Euro area – 20 countries (2023-2025),2020,36.6,,
ESTAT:LFSA_EWHUN2(1.0),11/12/25 23:00:00,Annual,Total - all NACE activities,Employed persons,Total,From 15 to 64 years,Total,Hour,Euro area – 20 countries (2023-2025),2021,36.6,b,
ESTAT:LFSA_EWHUN2(1.0),11/12/25 23:00:00,Annual,Total - all NACE activities,Employed persons,Total,From 15 to 64 years,Total,Hour,Euro area – 20 countries (2023-2025),2022,36.6,,
ESTAT:LFSA_EWHUN2(1.0),11/12/25 23:00:00,Annual,Total - all NACE activities,Employed persons,Total,From 15 to 64 years,Total,Hour,Euro area – 20 countries (2023-2025),2023,36.5,,
ESTAT:LFSA_EWHUN2(1.0),11/12/25 23:00:00,Annual,Total - all NACE activities,Employed persons,Total,From 15 to 64 years,Total,Hour,Euro area – 20 countries (2023-2025),2024,36.4,,
ESTAT:LFSA_EWHUN2(1.0),11/12/25 23:00:00,Annual,Total - all NACE activities,Employed persons,Total,From 15 to 64 years,Total,Hour,Estonia,2008,39.7,,
ESTAT:LFSA_EWHUN2(1.0),11/12/25 23:00:00,Annual,Total - all NACE activities,Employed persons,Total,From 15 to 64 years,Total,Hour,Estonia,2009,39.0,,
ESTAT:LFSA_EWHUN2(1.0),11/12/25 23:00:00,Annual,Total - all NACE activities,Employed persons,Total,From 15 to 64 years,Total,Hour,Estonia,2010,39.0,,
ESTAT:LFSA_EWHUN2(1.0),11/12/25 23:00:00,Annual,Total - all NACE activities,Employed persons,Total,From 15 to 64 years,Total,Hour,Estonia,2011,39.0,,
ESTAT:LFSA_EWHUN2(1.0),11/12/25 23:00:00,Annual,Total - all NACE activities,Employed persons,Total,From 15 to 64 years,Total,Hour,Estonia,2012,39.1,,
ESTAT:LFSA_EWHUN2(1.0),11/12/25 23:00:00,Annual,Total - all NACE activities,Employed persons,Total,From 15 to 64 years,Total,Hour,Estonia,2013,39.1,,
ESTAT:LFSA_EWHUN2(1.0),11/12/25 23:00:00,Annual,Total - all NACE activities,Employed persons,Total,From 15 to 64 years,Total,Hour,Estonia,2014,39.1,,
ESTAT:LFSA_EWHUN2(1.0),11/12/25 23:00:00,Annual,Total - all NACE activities,Employed persons,Total,From 15 to 64 years,Total,Hour,Estonia,2015,39.0,,
ESTAT:LFSA_EWHUN2(1.0),11/12/25 23:00:00,Annual,Total - all NACE activities,Employed persons,Total,From 15 to 64 years,Total,Hour,Estonia,2016,38.8,,
ESTAT:LFSA_EWHUN2(1.0),11/12/25 23:00:00,Annual,Total - all NACE activities,Employed persons,Total,From 15 to 64 years,Total,Hour,Estonia,2017,38.8,,
ESTAT:LFSA_EWHUN2(1.0),11/12/25 23:00:00,Annual,Total - all NACE activities,Employed persons,Total,From 15 to 64 years,Total,Hour,Estonia,2018,38.6,,
ESTAT:LFSA_EWHUN2(1.0),11/12/25 23:00:00,Annual,Total - all NACE activities,Employed persons,Total,From 15 to 64 years,Total,Hour,Estonia,2019,38.4,,
ESTAT:LFSA_EWHUN2(1.0),11/12/25 23:00:00,Annual,Total - all NACE activities,Employed persons,Total,From 15 to 64 years,Total,Hour,Estonia,2020,38.2,,
ESTAT:LFSA_EWHUN2(1.0),11/12/25 23:00:00,Annual,Total - all NACE activities,Employed persons,Total,From 15 to 64 years,Total,Hour,Estonia,2021,38.0,b,
ESTAT:LFSA_EWHUN2(1.0),11/12/25 23:00:00,Annual,Total - all NACE activities,Employed persons,Total,From 15 to 64 years,Total,Hour,Estonia,2022,37.8,,
ESTAT:LFSA_EWHUN2(1.0),11/12/25 23:00:00,Annual,Total - all NACE activities,Employed persons,Total,From 15 to 64 years,Total,Hour,Estonia,2023,37.7,,
ESTAT:LFSA_EWHUN2(1.0),11/12/25 23:00:00,Annual,Total - all NACE activities,Employed persons,Total,From 15 to 64 years,Total,Hour,Estonia,2024,37.8,,
ESTAT:LFSA_EWHUN2(1.0),11/12/25 23:00:00,Annual,Total - all NACE activities,Employed persons,Total,From 15 to 64 years,Total,Hour,Greece,2008,42.4,,
ESTAT:LFSA_EWHUN2(1.0),11/12/25 23:00:00,Annual,Total - all NACE activities,Employed persons,Total,From 15 to 64 years,Total,Hour,Greece,2009,42.5,b,
ESTAT:LFSA_EWHUN2(1.0),11/12/25 23:00:00,Annual,Total - all NACE activities,Employed persons,Total,From 15 to 64 years,Total,Hour,Greece,2010,42.3,,
ESTAT:LFSA_EWHUN2(1.0),11/12/25 23:00:00,Annual,Total - all NACE activities,Employed persons,Total,From 15 to 64 years,Total,Hour,Greece,2011,42.1,,
ESTAT:LFSA_EWHUN2(1.0),11/12/25 23:00:00,Annual,Total - all NACE activities,Employed persons,Total,From 15 to 64 years,Total,Hour,Greece,2012,42.0,,
ESTAT:LFSA_EWHUN2(1.0),11/12/25 23:00:00,Annual,Total - all NACE activities,Employed persons,Total,From 15 to 64 years,Total,Hour,Greece,2013,42.1,,
ESTAT:LFSA_EWHUN2(1.0),11/12/25 23:00:00,Annual,Total - all NACE activities,Employed persons,Total,From 15 to 64 years,Total,Hour,Greece,2014,42.0,,
ESTAT:LFSA_EWHUN2(1.0),11/12/25 23:00:00,Annual,Total - all NACE activities,Employed persons,Total,From 15 to 64 years,Total,Hour,Greece,2015,42.2,,
ESTAT:LFSA_EWHUN2(1.0),11/12/25 23:00:00,Annual,Total - all NACE activities,Employed persons,Total,From 15 to 64 years,Total,Hour,Greece,2016,42.2,,
ESTAT:LFSA_EWHUN2(1.0),11/12/25 23:00:00,Annual,Total - all NACE activities,Employed persons,Total,From 15 to 64 years,Total,Hour,Greece,2017,42.0,,
ESTAT:LFSA_EWHUN2(1.0),11/12/25 23:00:00,Annual,Total - all NACE activities,Employed persons,Total,From 15 to 64 years,Total,Hour,Greece,2018,42.0,,
ESTAT:LFSA_EWHUN2(1.0),11/12/25 23:00:00,Annual,Total - all NACE activities,Employed persons,Total,From 15 to 64 years,Total,Hour,Greece,2019,41.7,,
ESTAT:LFSA_EWHUN2(1.0),11/12/25 23:00:00,Annual,Total - all NACE activities,Employed persons,Total,From 15 to 64 years,Total,Hour,Greece,2020,41.7,,
ESTAT:LFSA_EWHUN2(1.0),11/12/25 23:00:00,Annual,Total - all NACE activities,Employed persons,Total,From 15 to 64 years,Total,Hour,Greece,2021,41.3,b,
ESTAT:LFSA_EWHUN2(1.0),11/12/25 23:00:00,Annual,Total - all NACE activities,Employed persons,Total,From 15 to 64 years,Total,Hour,Greece,2022,41.0,,
ESTAT:LFSA_EWHUN2(1.0),11/12/25 23:00:00,Annual,Total - all NACE activities,Employed persons,Total,From 15 to 64 years,Total,Hour,Greece,2023,40.9,,
ESTAT:LFSA_EWHUN2(1.0),11/12/25 23:00:00,Annual,Total - all NACE activities,Employed persons,Total,From 15 to 64 years,Total,Hour,Greece,2024,41.0,,
ESTAT:LFSA_EWHUN2(1.0),11/12/25 23:00:00,Annual,Total - all NACE activities,Employed persons,Total,From 15 to 64 years,Total,Hour,Spain,2008,39.2,,
ESTAT:LFSA_EWHUN2(1.0),11/12/25 23:00:00,Annual,Total - all NACE activities,Employed persons,Total,From 15 to 64 years,Total,Hour,Spain,2009,38.9,,
ESTAT:LFSA_EWHUN2(1.0),11/12/25 23:00:00,Annual,Total - all NACE activities,Employed persons,Total,From 15 to 64 years,Total,Hour,Spain,2010,38.7,,
ESTAT:LFSA_EWHUN2(1.0),11/12/25 23:00:00,Annual,Total - all NACE activities,Employed persons,Total,From 15 to 64 years,Total,Hour,Spain,2011,38.5,,
ESTAT:LFSA_EWHUN2(1.0),11/12/25 23:00:00,Annual,Total - all NACE activities,Employed persons,Total,From 15 to 64 years,Total,Hour,Spain,2012,38.2,,
ESTAT:LFSA_EWHUN2(1.0),11/12/25 23:00:00,Annual,Total - all NACE activities,Employed persons,Total,From 15 to 64 years,Total,Hour,Spain,2013,38.0,,
ESTAT:LFSA_EWHUN2(1.0),11/12/25 23:00:00,Annual,Total - all NACE activities,Employed persons,Total,From 15 to 64 years,Total,Hour,Spain,2014,37.9,,
ESTAT:LFSA_EWHUN2(1.0),11/12/25 23:00:00,Annual,Total - all NACE activities,Employed persons,Total,From 15 to 64 years,Total,Hour,Spain,2015,37.8,,
ESTAT:LFSA_EWHUN2(1.0),11/12/25 23:00:00,Annual,Total - all NACE activities,Employed persons,Total,From 15 to 64 years,Total,Hour,Spain,2016,37.8,,
ESTAT:LFSA_EWHUN2(1.0),11/12/25 23:00:00,Annual,Total - all NACE activities,Employed persons,Total,From 15 to 64 years,Total,Hour,Spain,2017,37.7,,
ESTAT:LFSA_EWHUN2(1.0),11/12/25 23:00:00,Annual,Total - all NACE activities,Employed persons,Total,From 15 to 64 years,Total,Hour,Spain,2018,37.7,,
ESTAT:LFSA_EWHUN2(1.0),11/12/25 23:00:00,Annual,Total - all NACE activities,Employed persons,Total,From 15 to 64 years,Total,Hour,Spain,2019,37.5,,
ESTAT:LFSA_EWHUN2(1.0),11/12/25 23:00:00,Annual,Total - all NACE activities,Employed persons,Total,From 15 to 64 years,Total,Hour,Spain,2020,37.5,,
ESTAT:LFSA_EWHUN2(1.0),11/12/25 23:00:00,Annual,Total - all NACE activities,Employed persons,Total,From 15 to 64 years,Total,Hour,Spain,2021,37.4,bd,
ESTAT:LFSA_EWHUN2(1.0),11/12/25 23:00:00,Annual,Total - all NACE activities,Employed persons,Total,From 15 to 64 years,Total,Hour,Spain,2022,37.7,d,
ESTAT:LFSA_EWHUN2(1.0),11/12/25 23:00:00,Annual,Total - all NACE activities,Employed persons,Total,From 15 to 64 years,Total,Hour,Spain,2023,37.6,d,
ESTAT:LFSA_EWHUN2(1.0),11/12/25 23:00:00,Annual,Total - all NACE activities,Employed persons,Total,From 15 to 64 years,Total,Hour,Spain,2024,37.5,d,
ESTAT:LFSA_EWHUN2(1.0),11/12/25 23:00:00,Annual,Total - all NACE activities,Employed persons,Total,From 15 to 64 years,Total,Hour,European Union - 27 countries (from 2020),2008,38.1,,
ESTAT:LFSA_EWHUN2(1.0),11/12/25 23:00:00,Annual,Total - all NACE activities,Employed persons,Total,From 15 to 64 years,Total,Hour,European Union - 27 countries (from 2020),2009,38.0,,
ESTAT:LFSA_EWHUN2(1.0),11/12/25 23:00:00,Annual,Total - all NACE activities,Employed persons,Total,From 15 to 64 years,Total,Hour,European Union - 27 countries (from 2020),2010,37.9,,
ESTAT:LFSA_EWHUN2(1.0),11/12/25 23:00:00,Annual,Total - all NACE activities,Employed persons,Total,From 15 to 64 years,Total,Hour,European Union - 27 countries (from 2020),2011,37.7,,
ESTAT:LFSA_EWHUN2(1.0),11/12/25 23:00:00,Annual,Total - all NACE activities,Employed persons,Total,From 15 to 64 years,Total,Hour,European Union - 27 countries (from 2020),2012,37.6,,
ESTAT:LFSA_EWHUN2(1.0),11/12/25 23:00:00,Annual,Total - all NACE activities,Employed persons,Total,From 15 to 64 years,Total,Hour,European Union - 27 countries (from 2020),2013,37.5,,
ESTAT:LFSA_EWHUN2(1.0),11/12/25 23:00:00,Annual,Total - all NACE activities,Employed persons,Total,From 15 to 64 years,Total,Hour,European Union - 27 countries (from 2020),2014,37.4,,
ESTAT:LFSA_EWHUN2(1.0),11/12/25 23:00:00,Annual,Total - all NACE activities,Employed persons,Total,From 15 to 64 years,Total,Hour,European Union - 27 countries (from 2020),2015,37.4,,
ESTAT:LFSA_EWHUN2(1.0),11/12/25 23:00:00,Annual,Total - all NACE activities,Employed persons,Total,From 15 to 64 years,Total,Hour,European Union - 27 countries (from 2020),2016,37.4,,
ESTAT:LFSA_EWHUN2(1.0),11/12/25 23:00:00,Annual,Total - all NACE activities,Employed persons,Total,From 15 to 64 years,Total,Hour,European Union - 27 countries (from 2020),2017,37.4,,
ESTAT:LFSA_EWHUN2(1.0),11/12/25 23:00:00,Annual,Total - all NACE activities,Employed persons,Total,From 15 to 64 years,Total,Hour,European Union - 27 countries (from 2020),2018,37.4,,
ESTAT:LFSA_EWHUN2(1.0),11/12/25 23:00:00,Annual,Total - all NACE activities,Employed persons,Total,From 15 to 64 years,Total,Hour,European Union - 27 countries (from 2020),2019,37.3,,
ESTAT:LFSA_EWHUN2(1.0),11/12/25 23:00:00,Annual,Total - all NACE activities,Employed persons,Total,From 15 to 64 years,Total,Hour,European Union - 27 countries (from 2020),2020,37.2,,
ESTAT:LFSA_EWHUN2(1.0),11/12/25 23:00:00,Annual,Total - all NACE activities,Employed persons,Total,From 15 to 64 years,Total,Hour,European Union - 27 countries (from 2020),2021,37.2,b,
ESTAT:LFSA_EWHUN2(1.0),11/12/25 23:00:00,Annual,Total - all NACE activities,Employed persons,Total,From 15 to 64 years,Total,Hour,European Union - 27 countries (from 2020),2022,37.3,,
ESTAT:LFSA_EWHUN2(1.0),11/12/25 23:00:00,Annual,Total - all NACE activities,Employed persons,Total,From 15 to 64 years,Total,Hour,European Union - 27 countries (from 2020),2023,37.1,,
ESTAT:LFSA_EWHUN2(1.0),11/12/25 23:00:00,Annual,Total - all NACE activities,Employed persons,Total,From 15 to 64 years,Total,Hour,European Union - 27 countries (from 2020),2024,37.1,,
ESTAT:LFSA_EWHUN2(1.0),11/12/25 23:00:00,Annual,Total - all NACE activities,Employed persons,Total,From 15 to 64 years,Total,Hour,Finland,2008,37.7,b,
ESTAT:LFSA_EWHUN2(1.0),11/12/25 23:00:00,Annual,Total - all NACE activities,Employed persons,Total,From 15 to 64 years,Total,Hour,Finland,2009,37.4,,
ESTAT:LFSA_EWHUN2(1.0),11/12/25 23:00:00,Annual,Total - all NACE activities,Employed persons,Total,From 15 to 64 years,Total,Hour,Finland,2010,37.5,,
ESTAT:LFSA_EWHUN2(1.0),11/12/25 23:00:00,Annual,Total - all NACE activities,Employed persons,Total,From 15 to 64 years,Total,Hour,Finland,2011,37.4,,
ESTAT:LFSA_EWHUN2(1.0),11/12/25 23:00:00,Annual,Total - all NACE activities,Employed persons,Total,From 15 to 64 years,Total,Hour,Finland,2012,37.3,,
ESTAT:LFSA_EWHUN2(1.0),11/12/25 23:00:00,Annual,Total - all NACE activities,Employed persons,Total,From 15 to 64 years,Total,Hour,Finland,2013,37.2,,
ESTAT:LFSA_EWHUN2(1.0),11/12/25 23:00:00,Annual,Total - all NACE activities,Employed persons,Total,From 15 to 64 years,Total,Hour,Finland,2014,37.2,,
ESTAT:LFSA_EWHUN2(1.0),11/12/25 23:00:00,Annual,Total - all NACE activities,Employed persons,Total,From 15 to 64 years,Total,Hour,Finland,2015,37.2,,
ESTAT:LFSA_EWHUN2(1.0),11/12/25 23:00:00,Annual,Total - all NACE activities,Employed persons,Total,From 15 to 64 years,Total,Hour,Finland,2016,37.0,,
ESTAT:LFSA_EWHUN2(1.0),11/12/25 23:00:00,Annual,Total - all NACE activities,Employed persons,Total,From 15 to 64 years,Total,Hour,Finland,2017,37.1,,
ESTAT:LFSA_EWHUN2(1.0),11/12/25 23:00:00,Annual,Total - all NACE activities,Employed persons,Total,From 15 to 64 years,Total,Hour,Finland,2018,37.2,,
ESTAT:LFSA_EWHUN2(1.0),11/12/25 23:00:00,Annual,Total - all NACE activities,Employed persons,Total,From 15 to 64 years,Total,Hour,Finland,2019,37.0,,
ESTAT:LFSA_EWHUN2(1.0),11/12/25 23:00:00,Annual,Total - all NACE activities,Employed persons,Total,From 15 to 64 years,Total,Hour,Finland,2020,36.9,,
ESTAT:LFSA_EWHUN2(1.0),11/12/25 23:00:00,Annual,Total - all NACE activities,Employed persons,Total,From 15 to 64 years,Total,Hour,Finland,2021,35.9,b,
ESTAT:LFSA_EWHUN2(1.0),11/12/25 23:00:00,Annual,Total - all NACE activities,Employed persons,Total,From 15 to 64 years,Total,Hour,Finland,2022,35.7,,
ESTAT:LFSA_EWHUN2(1.0),11/12/25 23:00:00,Annual,Total - all NACE activities,Employed persons,Total,From 15 to 64 years,Total,Hour,Finland,2023,35.7,,
ESTAT:LFSA_EWHUN2(1.0),11/12/25 23:00:00,Annual,Total - all NACE activities,Employed persons,Total,From 15 to 64 years,Total,Hour,Finland,2024,35.9,,
ESTAT:LFSA_EWHUN2(1.0),11/12/25 23:00:00,Annual,Total - all NACE activities,Employed persons,Total,From 15 to 64 years,Total,Hour,France,2008,38.1,,
ESTAT:LFSA_EWHUN2(1.0),11/12/25 23:00:00,Annual,Total - all NACE activities,Employed persons,Total,From 15 to 64 years,Total,Hour,France,2009,38.0,,
ESTAT:LFSA_EWHUN2(1.0),11/12/25 23:00:00,Annual,Total - all NACE activities,Employed persons,Total,From 15 to 64 years,Total,Hour,France,2010,38.0,,
ESTAT:LFSA_EWHUN2(1.0),11/12/25 23:00:00,Annual,Total - all NACE activities,Employed persons,Total,From 15 to 64 years,Total,Hour,France,2011,38.0,,
ESTAT:LFSA_EWHUN2(1.0),11/12/25 23:00:00,Annual,Total - all NACE activities,Employed persons,Total,From 15 to 64 years,Total,Hour,France,2012,37.9,,
ESTAT:LFSA_EWHUN2(1.0),11/12/25 23:00:00,Annual,Total - all NACE activities,Employed persons,Total,From 15 to 64 years,Total,Hour,France,2013,37.6,,
ESTAT:LFSA_EWHUN2(1.0),11/12/25 23:00:00,Annual,Total - all NACE activities,Employed persons,Total,From 15 to 64 years,Total,Hour,France,2014,37.3,b,
ESTAT:LFSA_EWHUN2(1.0),11/12/25 23:00:00,Annual,Total - all NACE activities,Employed persons,Total,From 15 to 64 years,Total,Hour,France,2015,37.3,,
ESTAT:LFSA_EWHUN2(1.0),11/12/25 23:00:00,Annual,Total - all NACE activities,Employed persons,Total,From 15 to 64 years,Total,Hour,France,2016,37.4,,
ESTAT:LFSA_EWHUN2(1.0),11/12/25 23:00:00,Annual,Total - all NACE activities,Employed persons,Total,From 15 to 64 years,Total,Hour,France,2017,37.3,,
ESTAT:LFSA_EWHUN2(1.0),11/12/25 23:00:00,Annual,Total - all NACE activities,Employed persons,Total,From 15 to 64 years,Total,Hour,France,2018,37.4,,
ESTAT:LFSA_EWHUN2(1.0),11/12/25 23:00:00,Annual,Total - all NACE activities,Employed persons,Total,From 15 to 64 years,Total,Hour,France,2019,37.5,,
ESTAT:LFSA_EWHUN2(1.0),11/12/25 23:00:00,Annual,Total - all NACE activities,Employed persons,Total,From 15 to 64 years,Total,Hour,France,2020,37.5,,
ESTAT:LFSA_EWHUN2(1.0),11/12/25 23:00:00,Annual,Total - all NACE activities,Employed persons,Total,From 15 to 64 years,Total,Hour,France,2021,37.0,bd,
ESTAT:LFSA_EWHUN2(1.0),11/12/25 23:00:00,Annual,Total - all NACE activities,Employed persons,Total,From 15 to 64 years,Total,Hour,France,2022,37.2,d,
ESTAT:LFSA_EWHUN2(1.0),11/12/25 23:00:00,Annual,Total - all NACE activities,Employed persons,Total,From 15 to 64 years,Total,Hour,France,2023,37.2,d,
ESTAT:LFSA_EWHUN2(1.0),11/12/25 23:00:00,Annual,Total - all NACE activities,Employed persons,Total,From 15 to 64 years,Total,Hour,France,2024,37.1,d,
ESTAT:LFSA_EWHUN2(1.0),11/12/25 23:00:00,Annual,Total - all NACE activities,Employed persons,Total,From 15 to 64 years,Total,Hour,Croatia,2008,40.8,,
ESTAT:LFSA_EWHUN2(1.0),11/12/25 23:00:00,Annual,Total - all NACE activities,Employed persons,Total,From 15 to 64 years,Total,Hour,Croatia,2009,40.8,,
ESTAT:LFSA_EWHUN2(1.0),11/12/25 23:00:00,Annual,Total - all NACE activities,Employed persons,Total,From 15 to 64 years,Total,Hour,Croatia,2010,40.5,,
ESTAT:LFSA_EWHUN2(1.0),11/12/25 23:00:00,Annual,Total - all NACE activities,Employed persons,Total,From 15 to 64 years,Total,Hour,Croatia,2011,40.2,,
ESTAT:LFSA_EWHUN2(1.0),11/12/25 23:00:00,Annual,Total - all NACE activities,Employed persons,Total,From 15 to 64 years,Total,Hour,Croatia,2012,40.3,b,
ESTAT:LFSA_EWHUN2(1.0),11/12/25 23:00:00,Annual,Total - all NACE activities,Employed persons,Total,From 15 to 64 years,Total,Hour,Croatia,2013,40.0,,
ESTAT:LFSA_EWHUN2(1.0),11/12/25 23:00:00,Annual,Total - all NACE activities,Employed persons,Total,From 15 to 64 years,Total,Hour,Croatia,2014,40.1,,
ESTAT:LFSA_EWHUN2(1.0),11/12/25 23:00:00,Annual,Total - all NACE activities,Employed persons,Total,From 15 to 64 years,Total,Hour,Croatia,2015,39.8,,
ESTAT:LFSA_EWHUN2(1.0),11/12/25 23:00:00,Annual,Total - all NACE activities,Employed persons,Total,From 15 to 64 years,Total,Hour,Croatia,2016,39.6,,
ESTAT:LFSA_EWHUN2(1.0),11/12/25 23:00:00,Annual,Total - all NACE activities,Employed persons,Total,From 15 to 64 years,Total,Hour,Croatia,2017,39.8,,
ESTAT:LFSA_EWHUN2(1.0),11/12/25 23:00:00,Annual,Total - all NACE activities,Employed persons,Total,From 15 to 64 years,Total,Hour,Croatia,2018,39.7,,
ESTAT:LFSA_EWHUN2(1.0),11/12/25 23:00:00,Annual,Total - all NACE activities,Employed persons,Total,From 15 to 64 years,Total,Hour,Croatia,2019,39.9,,
ESTAT:LFSA_EWHUN2(1.0),11/12/25 23:00:00,Annual,Total - all NACE activities,Employed persons,Total,From 15 to 64 years,Total,Hour,Croatia,2020,39.8,,
ESTAT:LFSA_EWHUN2(1.0),11/12/25 23:00:00,Annual,Total - all NACE activities,Employed persons,Total,From 15 to 64 years,Total,Hour,Croatia,2021,39.7,b,
ESTAT:LFSA_EWHUN2(1.0),11/12/25 23:00:00,Annual,Total - all NACE activities,Employed persons,Total,From 15 to 64 years,Total,Hour,Croatia,2022,39.6,,
ESTAT:LFSA_EWHUN2(1.0),11/12/25 23:00:00,Annual,Total - all NACE activities,Employed persons,Total,From 15 to 64 years,Total,Hour,Croatia,2023,39.8,,
ESTAT:LFSA_EWHUN2(1.0),11/12/25 23:00:00,Annual,Total - all NACE activities,Employed persons,Total,From 15 to 64 years,Total,Hour,Croatia,2024,39.6,,
ESTAT:LFSA_EWHUN2(1.0),11/12/25 23:00:00,Annual,Total - all NACE activities,Employed persons,Total,From 15 to 64 years,Total,Hour,Hungary,2008,40.1,,
ESTAT:LFSA_EWHUN2(1.0),11/12/25 23:00:00,Annual,Total - all NACE activities,Employed persons,Total,From 15 to 64 years,Total,Hour,Hungary,2009,39.9,,
ESTAT:LFSA_EWHUN2(1.0),11/12/25 23:00:00,Annual,Total - all NACE activities,Employed persons,Total,From 15 to 64 years,Total,Hour,Hungary,2010,39.8,,
ESTAT:LFSA_EWHUN2(1.0),11/12/25 23:00:00,Annual,Total - all NACE activities,Employed persons,Total,From 15 to 64 years,Total,Hour,Hungary,2011,39.5,,
ESTAT:LFSA_EWHUN2(1.0),11/12/25 23:00:00,Annual,Total - all NACE activities,Employed persons,Total,From 15 to 64 years,Total,Hour,Hungary,2012,39.5,,
ESTAT:LFSA_EWHUN2(1.0),11/12/25 23:00:00,Annual,Total - all NACE activities,Employed persons,Total,From 15 to 64 years,Total,Hour,Hungary,2013,39.6,,
ESTAT:LFSA_EWHUN2(1.0),11/12/25 23:00:00,Annual,Total - all NACE activities,Employed persons,Total,From 15 to 64 years,Total,Hour,Hungary,2014,39.8,,
ESTAT:LFSA_EWHUN2(1.0),11/12/25 23:00:00,Annual,Total - all NACE activities,Employed persons,Total,From 15 to 64 years,Total,Hour,Hungary,2015,39.9,,
ESTAT:LFSA_EWHUN2(1.0),11/12/25 23:00:00,Annual,Total - all NACE activities,Employed persons,Total,From 15 to 64 years,Total,Hour,Hungary,2016,39.8,,
ESTAT:LFSA_EWHUN2(1.0),11/12/25 23:00:00,Annual,Total - all NACE activities,Employed persons,Total,From 15 to 64 years,Total,Hour,Hungary,2017,39.9,,
ESTAT:LFSA_EWHUN2(1.0),11/12/25 23:00:00,Annual,Total - all NACE activities,Employed persons,Total,From 15 to 64 years,Total,Hour,Hungary,2018,39.8,b,
ESTAT:LFSA_EWHUN2(1.0),11/12/25 23:00:00,Annual,Total - all NACE activities,Employed persons,Total,From 15 to 64 years,Total,Hour,Hungary,2019,39.7,,
ESTAT:LFSA_EWHUN2(1.0),11/12/25 23:00:00,Annual,Total - all NACE activities,Employed persons,Total,From 15 to 64 years,Total,Hour,Hungary,2020,39.5,,
ESTAT:LFSA_EWHUN2(1.0),11/12/25 23:00:00,Annual,Total - all NACE activities,Employed persons,Total,From 15 to 64 years,Total,Hour,Hungary,2021,39.5,b,
ESTAT:LFSA_EWHUN2(1.0),11/12/25 23:00:00,Annual,Total - all NACE activities,Employed persons,Total,From 15 to 64 years,Total,Hour,Hungary,2022,39.6,,
ESTAT:LFSA_EWHUN2(1.0),11/12/25 23:00:00,Annual,Total - all NACE activities,Employed persons,Total,From 15 to 64 years,Total,Hour,Hungary,2023,39.6,,
ESTAT:LFSA_EWHUN2(1.0),11/12/25 23:00:00,Annual,Total - all NACE activities,Employed persons,Total,From 15 to 64 years,Total,Hour,Hungary,2024,39.5,,
ESTAT:LFSA_EWHUN2(1.0),11/12/25 23:00:00,Annual,Total - all NACE activities,Employed persons,Total,From 15 to 64 years,Total,Hour,Ireland,2008,36.0,,
ESTAT:LFSA_EWHUN2(1.0),11/12/25 23:00:00,Annual,Total - all NACE activities,Employed persons,Total,From 15 to 64 years,Total,Hour,Ireland,2009,35.2,,
ESTAT:LFSA_EWHUN2(1.0),11/12/25 23:00:00,Annual,Total - all NACE activities,Employed persons,Total,From 15 to 64 years,Total,Hour,Ireland,2010,35.0,,
ESTAT:LFSA_EWHUN2(1.0),11/12/25 23:00:00,Annual,Total - all NACE activities,Employed persons,Total,From 15 to 64 years,Total,Hour,Ireland,2011,35.0,,
ESTAT:LFSA_EWHUN2(1.0),11/12/25 23:00:00,Annual,Total - all NACE activities,Employed persons,Total,From 15 to 64 years,Total,Hour,Ireland,2012,35.1,,
ESTAT:LFSA_EWHUN2(1.0),11/12/25 23:00:00,Annual,Total - all NACE activities,Employed persons,Total,From 15 to 64 years,Total,Hour,Ireland,2013,35.4,,
ESTAT:LFSA_EWHUN2(1.0),11/12/25 23:00:00,Annual,Total - all NACE activities,Employed persons,Total,From 15 to 64 years,Total,Hour,Ireland,2014,35.7,,
ESTAT:LFSA_EWHUN2(1.0),11/12/25 23:00:00,Annual,Total - all NACE activities,Employed persons,Total,From 15 to 64 years,Total,Hour,Ireland,2015,35.9,,
ESTAT:LFSA_EWHUN2(1.0),11/12/25 23:00:00,Annual,Total - all NACE activities,Employed persons,Total,From 15 to 64 years,Total,Hour,Ireland,2016,35.9,,
ESTAT:LFSA_EWHUN2(1.0),11/12/25 23:00:00,Annual,Total - all NACE activities,Employed persons,Total,From 15 to 64 years,Total,Hour,Ireland,2017,36.3,b,
ESTAT:LFSA_EWHUN2(1.0),11/12/25 23:00:00,Annual,Total - all NACE activities,Employed persons,Total,From 15 to 64 years,Total,Hour,Ireland,2018,36.5,,
ESTAT:LFSA_EWHUN2(1.0),11/12/25 23:00:00,Annual,Total - all NACE activities,Employed persons,Total,From 15 to 64 years,Total,Hour,Ireland,2019,36.5,,
ESTAT:LFSA_EWHUN2(1.0),11/12/25 23:00:00,Annual,Total - all NACE activities,Employed persons,Total,From 15 to 64 years,Total,Hour,Ireland,2020,36.6,,
ESTAT:LFSA_EWHUN2(1.0),11/12/25 23:00:00,Annual,Total - all NACE activities,Employed persons,Total,From 15 to 64 years,Total,Hour,Ireland,2021,36.2,b,
ESTAT:LFSA_EWHUN2(1.0),11/12/25 23:00:00,Annual,Total - all NACE activities,Employed persons,Total,From 15 to 64 years,Total,Hour,Ireland,2022,36.3,,
ESTAT:LFSA_EWHUN2(1.0),11/12/25 23:00:00,Annual,Total - all NACE activities,Employed persons,Total,From 15 to 64 years,Total,Hour,Ireland,2023,35.8,,
ESTAT:LFSA_EWHUN2(1.0),11/12/25 23:00:00,Annual,Total - all NACE activities,Employed persons,Total,From 15 to 64 years,Total,Hour,Ireland,2024,35.7,,
ESTAT:LFSA_EWHUN2(1.0),11/12/25 23:00:00,Annual,Total - all NACE activities,Employed persons,Total,From 15 to 64 years,Total,Hour,Iceland,2008,41.0,,
ESTAT:LFSA_EWHUN2(1.0),11/12/25 23:00:00,Annual,Total - all NACE activities,Employed persons,Total,From 15 to 64 years,Total,Hour,Iceland,2009,39.3,,
ESTAT:LFSA_EWHUN2(1.0),11/12/25 23:00:00,Annual,Total - all NACE activities,Employed persons,Total,From 15 to 64 years,Total,Hour,Iceland,2010,39.0,,
ESTAT:LFSA_EWHUN2(1.0),11/12/25 23:00:00,Annual,Total - all NACE activities,Employed persons,Total,From 15 to 64 years,Total,Hour,Iceland,2011,39.6,,
ESTAT:LFSA_EWHUN2(1.0),11/12/25 23:00:00,Annual,Total - all NACE activities,Employed persons,Total,From 15 to 64 years,Total,Hour,Iceland,2012,39.5,,
ESTAT:LFSA_EWHUN2(1.0),11/12/25 23:00:00,Annual,Total - all NACE activities,Employed persons,Total,From 15 to 64 years,Total,Hour,Iceland,2013,39.6,,
ESTAT:LFSA_EWHUN2(1.0),11/12/25 23:00:00,Annual,Total - all NACE activities,Employed persons,Total,From 15 to 64 years,Total,Hour,Iceland,2014,39.8,,
ESTAT:LFSA_EWHUN2(1.0),11/12/25 23:00:00,Annual,Total - all NACE activities,Employed persons,Total,From 15 to 64 years,Total,Hour,Iceland,2015,39.8,,
ESTAT:LFSA_EWHUN2(1.0),11/12/25 23:00:00,Annual,Total - all NACE activities,Employed persons,Total,From 15 to 64 years,Total,Hour,Iceland,2016,39.5,,
ESTAT:LFSA_EWHUN2(1.0),11/12/25 23:00:00,Annual,Total - all NACE activities,Employed persons,Total,From 15 to 64 years,Total,Hour,Iceland,2017,39.3,,
ESTAT:LFSA_EWHUN2(1.0),11/12/25 23:00:00,Annual,Total - all NACE activities,Employed persons,Total,From 15 to 64 years,Total,Hour,Iceland,2018,39.4,,
ESTAT:LFSA_EWHUN2(1.0),11/12/25 23:00:00,Annual,Total - all NACE activities,Employed persons,Total,From 15 to 64 years,Total,Hour,Iceland,2019,39.3,,
ESTAT:LFSA_EWHUN2(1.0),11/12/25 23:00:00,Annual,Total - all NACE activities,Employed persons,Total,From 15 to 64 years,Total,Hour,Iceland,2020,38.6,b,
ESTAT:LFSA_EWHUN2(1.0),11/12/25 23:00:00,Annual,Total - all NACE activities,Employed persons,Total,From 15 to 64 years,Total,Hour,Iceland,2021,38.3,b,
ESTAT:LFSA_EWHUN2(1.0),11/12/25 23:00:00,Annual,Total - all NACE activities,Employed persons,Total,From 15 to 64 years,Total,Hour,Iceland,2022,38.2,,
ESTAT:LFSA_EWHUN2(1.0),11/12/25 23:00:00,Annual,Total - all NACE activities,Employed persons,Total,From 15 to 64 years,Total,Hour,Iceland,2023,38.3,,
ESTAT:LFSA_EWHUN2(1.0),11/12/25 23:00:00,Annual,Total - all NACE activities,Employed persons,Total,From 15 to 64 years,Total,Hour,Iceland,2024,38.1,,
ESTAT:LFSA_EWHUN2(1.0),11/12/25 23:00:00,Annual,Total - all NACE activities,Employed persons,Total,From 15 to 64 years,Total,Hour,Italy,2008,38.3,,
ESTAT:LFSA_EWHUN2(1.0),11/12/25 23:00:00,Annual,Total - all NACE activities,Employed persons,Total,From 15 to 64 years,Total,Hour,Italy,2009,38.0,,
ESTAT:LFSA_EWHUN2(1.0),11/12/25 23:00:00,Annual,Total - all NACE activities,Employed persons,Total,From 15 to 64 years,Total,Hour,Italy,2010,37.8,,
ESTAT:LFSA_EWHUN2(1.0),11/12/25 23:00:00,Annual,Total - all NACE activities,Employed persons,Total,From 15 to 64 years,Total,Hour,Italy,2011,37.5,,
ESTAT:LFSA_EWHUN2(1.0),11/12/25 23:00:00,Annual,Total - all NACE activities,Employed persons,Total,From 15 to 64 years,Total,Hour,Italy,2012,37.1,,
ESTAT:LFSA_EWHUN2(1.0),11/12/25 23:00:00,Annual,Total - all NACE activities,Employed persons,Total,From 15 to 64 years,Total,Hour,Italy,2013,37.0,,
ESTAT:LFSA_EWHUN2(1.0),11/12/25 23:00:00,Annual,Total - all NACE activities,Employed persons,Total,From 15 to 64 years,Total,Hour,Italy,2014,37.0,,
ESTAT:LFSA_EWHUN2(1.0),11/12/25 23:00:00,Annual,Total - all NACE activities,Employed persons,Total,From 15 to 64 years,Total,Hour,Italy,2015,37.1,,
ESTAT:LFSA_EWHUN2(1.0),11/12/25 23:00:00,Annual,Total - all NACE activities,Employed persons,Total,From 15 to 64 years,Total,Hour,Italy,2016,37.0,,
ESTAT:LFSA_EWHUN2(1.0),11/12/25 23:00:00,Annual,Total - all NACE activities,Employed persons,Total,From 15 to 64 years,Total,Hour,Italy,2017,37.2,,
ESTAT:LFSA_EWHUN2(1.0),11/12/25 23:00:00,Annual,Total - all NACE activities,Employed persons,Total,From 15 to 64 years,Total,Hour,Italy,2018,37.3,b,
ESTAT:LFSA_EWHUN2(1.0),11/12/25 23:00:00,Annual,Total - all NACE activities,Employed persons,Total,From 15 to 64 years,Total,Hour,Italy,2019,37.2,,
ESTAT:LFSA_EWHUN2(1.0),11/12/25 23:00:00,Annual,Total - all NACE activities,Employed persons,Total,From 15 to 64 years,Total,Hour,Italy,2020,37.0,,
ESTAT:LFSA_EWHUN2(1.0),11/12/25 23:00:00,Annual,Total - all NACE activities,Employed persons,Total,From 15 to 64 years,Total,Hour,Italy,2021,37.3,b,
ESTAT:LFSA_EWHUN2(1.0),11/12/25 23:00:00,Annual,Total - all NACE activities,Employed persons,Total,From 15 to 64 years,Total,Hour,Italy,2022,37.3,,
ESTAT:LFSA_EWHUN2(1.0),11/12/25 23:00:00,Annual,Total - all NACE activities,Employed persons,Total,From 15 to 64 years,Total,Hour,Italy,2023,37.4,,
ESTAT:LFSA_EWHUN2(1.0),11/12/25 23:00:00,Annual,Total - all NACE activities,Employed persons,Total,From 15 to 64 years,Total,Hour,Italy,2024,37.2,,
ESTAT:LFSA_EWHUN2(1.0),11/12/25 23:00:00,Annual,Total - all NACE activities,Employed persons,Total,From 15 to 64 years,Total,Hour,Lithuania,2008,39.2,,
ESTAT:LFSA_EWHUN2(1.0),11/12/25 23:00:00,Annual,Total - all NACE activities,Employed persons,Total,From 15 to 64 years,Total,Hour,Lithuania,2009,38.7,,
ESTAT:LFSA_EWHUN2(1.0),11/12/25 23:00:00,Annual,Total - all NACE activities,Employed persons,Total,From 15 to 64 years,Total,Hour,Lithuania,2010,38.5,,
ESTAT:LFSA_EWHUN2(1.0),11/12/25 23:00:00,Annual,Total - all NACE activities,Employed persons,Total,From 15 to 64 years,Total,Hour,Lithuania,2011,38.2,,
ESTAT:LFSA_EWHUN2(1.0),11/12/25 23:00:00,Annual,Total - all NACE activities,Employed persons,Total,From 15 to 64 years,Total,Hour,Lithuania,2012,38.2,,
ESTAT:LFSA_EWHUN2(1.0),11/12/25 23:00:00,Annual,Total - all NACE activities,Employed persons,Total,From 15 to 64 years,Total,Hour,Lithuania,2013,38.3,,
ESTAT:LFSA_EWHUN2(1.0),11/12/25 23:00:00,Annual,Total - all NACE activities,Employed persons,Total,From 15 to 64 years,Total,Hour,Lithuania,2014,38.2,,
ESTAT:LFSA_EWHUN2(1.0),11/12/25 23:00:00,Annual,Total - all NACE activities,Employed persons,Total,From 15 to 64 years,Total,Hour,Lithuania,2015,38.5,,
ESTAT:LFSA_EWHUN2(1.0),11/12/25 23:00:00,Annual,Total - all NACE activities,Employed persons,Total,From 15 to 64 years,Total,Hour,Lithuania,2016,38.6,,
ESTAT:LFSA_EWHUN2(1.0),11/12/25 23:00:00,Annual,Total - all NACE activities,Employed persons,Total,From 15 to 64 years,Total,Hour,Lithuania,2017,38.7,,
ESTAT:LFSA_EWHUN2(1.0),11/12/25 23:00:00,Annual,Total - all NACE activities,Employed persons,Total,From 15 to 64 years,Total,Hour,Lithuania,2018,38.9,,
ESTAT:LFSA_EWHUN2(1.0),11/12/25 23:00:00,Annual,Total - all NACE activities,Employed persons,Total,From 15 to 64 years,Total,Hour,Lithuania,2019,39.0,,
ESTAT:LFSA_EWHUN2(1.0),11/12/25 23:00:00,Annual,Total - all NACE activities,Employed persons,Total,From 15 to 64 years,Total,Hour,Lithuania,2020,39.1,,
ESTAT:LFSA_EWHUN2(1.0),11/12/25 23:00:00,Annual,Total - all NACE activities,Employed persons,Total,From 15 to 64 years,Total,Hour,Lithuania,2021,39.1,b,
ESTAT:LFSA_EWHUN2(1.0),11/12/25 23:00:00,Annual,Total - all NACE activities,Employed persons,Total,From 15 to 64 years,Total,Hour,Lithuania,2022,39.2,,
ESTAT:LFSA_EWHUN2(1.0),11/12/25 23:00:00,Annual,Total - all NACE activities,Employed persons,Total,From 15 to 64 years,Total,Hour,Lithuania,2023,39.1,,
ESTAT:LFSA_EWHUN2(1.0),11/12/25 23:00:00,Annual,Total - all NACE activities,Employed persons,Total,From 15 to 64 years,Total,Hour,Lithuania,2024,39.2,,
ESTAT:LFSA_EWHUN2(1.0),11/12/25 23:00:00,Annual,Total - all NACE activities,Employed persons,Total,From 15 to 64 years,Total,Hour,Luxembourg,2008,36.7,,
ESTAT:LFSA_EWHUN2(1.0),11/12/25 23:00:00,Annual,Total - all NACE activities,Employed persons,Total,From 15 to 64 years,Total,Hour,Luxembourg,2009,37.3,b,
ESTAT:LFSA_EWHUN2(1.0),11/12/25 23:00:00,Annual,Total - all NACE activities,Employed persons,Total,From 15 to 64 years,Total,Hour,Luxembourg,2010,37.3,,
ESTAT:LFSA_EWHUN2(1.0),11/12/25 23:00:00,Annual,Total - all NACE activities,Employed persons,Total,From 15 to 64 years,Total,Hour,Luxembourg,2011,37.1,,
ESTAT:LFSA_EWHUN2(1.0),11/12/25 23:00:00,Annual,Total - all NACE activities,Employed persons,Total,From 15 to 64 years,Total,Hour,Luxembourg,2012,37.3,,
ESTAT:LFSA_EWHUN2(1.0),11/12/25 23:00:00,Annual,Total - all NACE activities,Employed persons,Total,From 15 to 64 years,Total,Hour,Luxembourg,2013,37.3,,
ESTAT:LFSA_EWHUN2(1.0),11/12/25 23:00:00,Annual,Total - all NACE activities,Employed persons,Total,From 15 to 64 years,Total,Hour,Luxembourg,2014,37.5,,
ESTAT:LFSA_EWHUN2(1.0),11/12/25 23:00:00,Annual,Total - all NACE activities,Employed persons,Total,From 15 to 64 years,Total,Hour,Luxembourg,2015,37.5,b,
ESTAT:LFSA_EWHUN2(1.0),11/12/25 23:00:00,Annual,Total - all NACE activities,Employed persons,Total,From 15 to 64 years,Total,Hour,Luxembourg,2016,37.5,,
ESTAT:LFSA_EWHUN2(1.0),11/12/25 23:00:00,Annual,Total - all NACE activities,Employed persons,Total,From 15 to 64 years,Total,Hour,Luxembourg,2017,37.4,,
ESTAT:LFSA_EWHUN2(1.0),11/12/25 23:00:00,Annual,Total - all NACE activities,Employed persons,Total,From 15 to 64 years,Total,Hour,Luxembourg,2018,37.7,,
ESTAT:LFSA_EWHUN2(1.0),11/12/25 23:00:00,Annual,Total - all NACE activities,Employed persons,Total,From 15 to 64 years,Total,Hour,Luxembourg,2019,37.9,,
ESTAT:LFSA_EWHUN2(1.0),11/12/25 23:00:00,Annual,Total - all NACE activities,Employed persons,Total,From 15 to 64 years,Total,Hour,Luxembourg,2020,37.5,,
ESTAT:LFSA_EWHUN2(1.0),11/12/25 23:00:00,Annual,Total - all NACE activities,Employed persons,Total,From 15 to 64 years,Total,Hour,Luxembourg,2021,38.1,b,
ESTAT:LFSA_EWHUN2(1.0),11/12/25 23:00:00,Annual,Total - all NACE activities,Employed persons,Total,From 15 to 64 years,Total,Hour,Luxembourg,2022,38.0,,
ESTAT:LFSA_EWHUN2(1.0),11/12/25 23:00:00,Annual,Total - all NACE activities,Employed persons,Total,From 15 to 64 years,Total,Hour,Luxembourg,2023,37.9,,
ESTAT:LFSA_EWHUN2(1.0),11/12/25 23:00:00,Annual,Total - all NACE activities,Employed persons,Total,From 15 to 64 years,Total,Hour,Luxembourg,2024,37.8,,
ESTAT:LFSA_EWHUN2(1.0),11/12/25 23:00:00,Annual,Total - all NACE activities,Employed persons,Total,From 15 to 64 years,Total,Hour,Latvia,2008,40.3,,
ESTAT:LFSA_EWHUN2(1.0),11/12/25 23:00:00,Annual,Total - all NACE activities,Employed persons,Total,From 15 to 64 years,Total,Hour,Latvia,2009,39.5,,
ESTAT:LFSA_EWHUN2(1.0),11/12/25 23:00:00,Annual,Total - all NACE activities,Employed persons,Total,From 15 to 64 years,Total,Hour,Latvia,2010,38.9,,
ESTAT:LFSA_EWHUN2(1.0),11/12/25 23:00:00,Annual,Total - all NACE activities,Employed persons,Total,From 15 to 64 years,Total,Hour,Latvia,2011,38.9,,
ESTAT:LFSA_EWHUN2(1.0),11/12/25 23:00:00,Annual,Total - all NACE activities,Employed persons,Total,From 15 to 64 years,Total,Hour,Latvia,2012,38.8,,
ESTAT:LFSA_EWHUN2(1.0),11/12/25 23:00:00,Annual,Total - all NACE activities,Employed persons,Total,From 15 to 64 years,Total,Hour,Latvia,2013,39.0,,
ESTAT:LFSA_EWHUN2(1.0),11/12/25 23:00:00,Annual,Total - all NACE activities,Employed persons,Total,From 15 to 64 years,Total,Hour,Latvia,2014,39.2,,
ESTAT:LFSA_EWHUN2(1.0),11/12/25 23:00:00,Annual,Total - all NACE activities,Employed persons,Total,From 15 to 64 years,Total,Hour,Latvia,2015,39.2,,
ESTAT:LFSA_EWHUN2(1.0),11/12/25 23:00:00,Annual,Total - all NACE activities,Employed persons,Total,From 15 to 64 years,Total,Hour,Latvia,2016,38.9,,
ESTAT:LFSA_EWHUN2(1.0),11/12/25 23:00:00,Annual,Total - all NACE activities,Employed persons,Total,From 15 to 64 years,Total,Hour,Latvia,2017,39.0,,
ESTAT:LFSA_EWHUN2(1.0),11/12/25 23:00:00,Annual,Total - all NACE activities,Employed persons,Total,From 15 to 64 years,Total,Hour,Latvia,2018,39.0,,
ESTAT:LFSA_EWHUN2(1.0),11/12/25 23:00:00,Annual,Total - all NACE activities,Employed persons,Total,From 15 to 64 years,Total,Hour,Latvia,2019,38.8,,
ESTAT:LFSA_EWHUN2(1.0),11/12/25 23:00:00,Annual,Total - all NACE activities,Employed persons,Total,From 15 to 64 years,Total,Hour,Latvia,2020,38.8,,
ESTAT:LFSA_EWHUN2(1.0),11/12/25 23:00:00,Annual,Total - all NACE activities,Employed persons,Total,From 15 to 64 years,Total,Hour,Latvia,2021,38.8,b,
ESTAT:LFSA_EWHUN2(1.0),11/12/25 23:00:00,Annual,Total - all NACE activities,Employed persons,Total,From 15 to 64 years,Total,Hour,Latvia,2022,39.0,,
ESTAT:LFSA_EWHUN2(1.0),11/12/25 23:00:00,Annual,Total - all NACE activities,Employed persons,Total,From 15 to 64 years,Total,Hour,Latvia,2023,38.9,,
ESTAT:LFSA_EWHUN2(1.0),11/12/25 23:00:00,Annual,Total - all NACE activities,Employed persons,Total,From 15 to 64 years,Total,Hour,Latvia,2024,38.8,,
ESTAT:LFSA_EWHUN2(1.0),11/12/25 23:00:00,Annual,Total - all NACE activities,Employed persons,Total,From 15 to 64 years,Total,Hour,Montenegro,2011,42.6,,
ESTAT:LFSA_EWHUN2(1.0),11/12/25 23:00:00,Annual,Total - all NACE activities,Employed persons,Total,From 15 to 64 years,Total,Hour,Montenegro,2012,43.3,,
ESTAT:LFSA_EWHUN2(1.0),11/12/25 23:00:00,Annual,Total - all NACE activities,Employed persons,Total,From 15 to 64 years,Total,Hour,Montenegro,2013,43.8,,
ESTAT:LFSA_EWHUN2(1.0),11/12/25 23:00:00,Annual,Total - all NACE activities,Employed persons,Total,From 15 to 64 years,Total,Hour,Montenegro,2014,43.3,,
ESTAT:LFSA_EWHUN2(1.0),11/12/25 23:00:00,Annual,Total - all NACE activities,Employed persons,Total,From 15 to 64 years,Total,Hour,Montenegro,2015,43.7,,
ESTAT:LFSA_EWHUN2(1.0),11/12/25 23:00:00,Annual,Total - all NACE activities,Employed persons,Total,From 15 to 64 years,Total,Hour,Montenegro,2016,43.4,,
ESTAT:LFSA_EWHUN2(1.0),11/12/25 23:00:00,Annual,Total - all NACE activities,Employed persons,Total,From 15 to 64 years,Total,Hour,Montenegro,2017,43.3,,
ESTAT:LFSA_EWHUN2(1.0),11/12/25 23:00:00,Annual,Total - all NACE activities,Employed persons,Total,From 15 to 64 years,Total,Hour,Montenegro,2018,44.2,,
ESTAT:LFSA_EWHUN2(1.0),11/12/25 23:00:00,Annual,Total - all NACE activities,Employed persons,Total,From 15 to 64 years,Total,Hour,Montenegro,2019,44.5,,
ESTAT:LFSA_EWHUN2(1.0),11/12/25 23:00:00,Annual,Total - all NACE activities,Employed persons,Total,From 15 to 64 years,Total,Hour,Montenegro,2020,44.4,,
ESTAT:LFSA_EWHUN2(1.0),11/12/25 23:00:00,Annual,Total - all NACE activities,Employed persons,Total,From 15 to 64 years,Total,Hour,North Macedonia,2008,44.1,,
ESTAT:LFSA_EWHUN2(1.0),11/12/25 23:00:00,Annual,Total - all NACE activities,Employed persons,Total,From 15 to 64 years,Total,Hour,North Macedonia,2009,43.7,,
ESTAT:LFSA_EWHUN2(1.0),11/12/25 23:00:00,Annual,Total - all NACE activities,Employed persons,Total,From 15 to 64 years,Total,Hour,North Macedonia,2010,43.2,,
ESTAT:LFSA_EWHUN2(1.0),11/12/25 23:00:00,Annual,Total - all NACE activities,Employed persons,Total,From 15 to 64 years,Total,Hour,North Macedonia,2011,42.8,,
ESTAT:LFSA_EWHUN2(1.0),11/12/25 23:00:00,Annual,Total - all NACE activities,Employed persons,Total,From 15 to 64 years,Total,Hour,North Macedonia,2012,42.2,,
ESTAT:LFSA_EWHUN2(1.0),11/12/25 23:00:00,Annual,Total - all NACE activities,Employed persons,Total,From 15 to 64 years,Total,Hour,North Macedonia,2013,42.3,,
ESTAT:LFSA_EWHUN2(1.0),11/12/25 23:00:00,Annual,Total - all NACE activities,Employed persons,Total,From 15 to 64 years,Total,Hour,North Macedonia,2014,42.0,,
ESTAT:LFSA_EWHUN2(1.0),11/12/25 23:00:00,Annual,Total - all NACE activities,Employed persons,Total,From 15 to 64 years,Total,Hour,North Macedonia,2015,41.9,,
ESTAT:LFSA_EWHUN2(1.0),11/12/25 23:00:00,Annual,Total - all NACE activities,Employed persons,Total,From 15 to 64 years,Total,Hour,North Macedonia,2016,41.7,,
ESTAT:LFSA_EWHUN2(1.0),11/12/25 23:00:00,Annual,Total - all NACE activities,Employed persons,Total,From 15 to 64 years,Total,Hour,North Macedonia,2017,42.5,,
ESTAT:LFSA_EWHUN2(1.0),11/12/25 23:00:00,Annual,Total - all NACE activities,Employed persons,Total,From 15 to 64 years,Total,Hour,North Macedonia,2018,42.3,,
ESTAT:LFSA_EWHUN2(1.0),11/12/25 23:00:00,Annual,Total - all NACE activities,Employed persons,Total,From 15 to 64 years,Total,Hour,North Macedonia,2019,41.5,,
ESTAT:LFSA_EWHUN2(1.0),11/12/25 23:00:00,Annual,Total - all NACE activities,Employed persons,Total,From 15 to 64 years,Total,Hour,North Macedonia,2020,40.9,,
ESTAT:LFSA_EWHUN2(1.0),11/12/25 23:00:00,Annual,Total - all NACE activities,Employed persons,Total,From 15 to 64 years,Total,Hour,North Macedonia,2021,40.8,b,
ESTAT:LFSA_EWHUN2(1.0),11/12/25 23:00:00,Annual,Total - all NACE activities,Employed persons,Total,From 15 to 64 years,Total,Hour,North Macedonia,2022,40.8,,
ESTAT:LFSA_EWHUN2(1.0),11/12/25 23:00:00,Annual,Total - all NACE activities,Employed persons,Total,From 15 to 64 years,Total,Hour,North Macedonia,2023,40.8,,
ESTAT:LFSA_EWHUN2(1.0),11/12/25 23:00:00,Annual,Total - all NACE activities,Employed persons,Total,From 15 to 64 years,Total,Hour,North Macedonia,2024,40.9,,
ESTAT:LFSA_EWHUN2(1.0),11/12/25 23:00:00,Annual,Total - all NACE activities,Employed persons,Total,From 15 to 64 years,Total,Hour,Malta,2008,39.1,,
ESTAT:LFSA_EWHUN2(1.0),11/12/25 23:00:00,Annual,Total - all NACE activities,Employed persons,Total,From 15 to 64 years,Total,Hour,Malta,2009,39.0,,
ESTAT:LFSA_EWHUN2(1.0),11/12/25 23:00:00,Annual,Total - all NACE activities,Employed persons,Total,From 15 to 64 years,Total,Hour,Malta,2010,39.0,,
ESTAT:LFSA_EWHUN2(1.0),11/12/25 23:00:00,Annual,Total - all NACE activities,Employed persons,Total,From 15 to 64 years,Total,Hour,Malta,2011,38.9,,
ESTAT:LFSA_EWHUN2(1.0),11/12/25 23:00:00,Annual,Total - all NACE activities,Employed persons,Total,From 15 to 64 years,Total,Hour,Malta,2012,38.9,,
ESTAT:LFSA_EWHUN2(1.0),11/12/25 23:00:00,Annual,Total - all NACE activities,Employed persons,Total,From 15 to 64 years,Total,Hour,Malta,2013,38.6,,
ESTAT:LFSA_EWHUN2(1.0),11/12/25 23:00:00,Annual,Total - all NACE activities,Employed persons,Total,From 15 to 64 years,Total,Hour,Malta,2014,38.3,,
ESTAT:LFSA_EWHUN2(1.0),11/12/25 23:00:00,Annual,Total - all NACE activities,Employed persons,Total,From 15 to 64 years,Total,Hour,Malta,2015,38.7,,
ESTAT:LFSA_EWHUN2(1.0),11/12/25 23:00:00,Annual,Total - all NACE activities,Employed persons,Total,From 15 to 64 years,Total,Hour,Malta,2016,38.8,,
ESTAT:LFSA_EWHUN2(1.0),11/12/25 23:00:00,Annual,Total - all NACE activities,Employed persons,Total,From 15 to 64 years,Total,Hour,Malta,2017,39.0,,
ESTAT:LFSA_EWHUN2(1.0),11/12/25 23:00:00,Annual,Total - all NACE activities,Employed persons,Total,From 15 to 64 years,Total,Hour,Malta,2018,39.2,,
ESTAT:LFSA_EWHUN2(1.0),11/12/25 23:00:00,Annual,Total - all NACE activities,Employed persons,Total,From 15 to 64 years,Total,Hour,Malta,2019,39.8,,
ESTAT:LFSA_EWHUN2(1.0),11/12/25 23:00:00,Annual,Total - all NACE activities,Employed persons,Total,From 15 to 64 years,Total,Hour,Malta,2020,39.8,,
ESTAT:LFSA_EWHUN2(1.0),11/12/25 23:00:00,Annual,Total - all NACE activities,Employed persons,Total,From 15 to 64 years,Total,Hour,Malta,2021,39.3,b,
ESTAT:LFSA_EWHUN2(1.0),11/12/25 23:00:00,Annual,Total - all NACE activities,Employed persons,Total,From 15 to 64 years,Total,Hour,Malta,2022,39.0,,
ESTAT:LFSA_EWHUN2(1.0),11/12/25 23:00:00,Annual,Total - all NACE activities,Employed persons,Total,From 15 to 64 years,Total,Hour,Malta,2023,39.0,,
ESTAT:LFSA_EWHUN2(1.0),11/12/25 23:00:00,Annual,Total - all NACE activities,Employed persons,Total,From 15 to 64 years,Total,Hour,Malta,2024,39.1,,
ESTAT:LFSA_EWHUN2(1.0),11/12/25 23:00:00,Annual,Total - all NACE activities,Employed persons,Total,From 15 to 64 years,Total,Hour,Netherlands,2008,31.2,,
ESTAT:LFSA_EWHUN2(1.0),11/12/25 23:00:00,Annual,Total - all NACE activities,Employed persons,Total,From 15 to 64 years,Total,Hour,Netherlands,2009,31.1,,
ESTAT:LFSA_EWHUN2(1.0),11/12/25 23:00:00,Annual,Total - all NACE activities,Employed persons,Total,From 15 to 64 years,Total,Hour,Netherlands,2010,30.9,,
ESTAT:LFSA_EWHUN2(1.0),11/12/25 23:00:00,Annual,Total - all NACE activities,Employed persons,Total,From 15 to 64 years,Total,Hour,Netherlands,2011,30.8,,
ESTAT:LFSA_EWHUN2(1.0),11/12/25 23:00:00,Annual,Total - all NACE activities,Employed persons,Total,From 15 to 64 years,Total,Hour,Netherlands,2012,30.6,,
ESTAT:LFSA_EWHUN2(1.0),11/12/25 23:00:00,Annual,Total - all NACE activities,Employed persons,Total,From 15 to 64 years,Total,Hour,Netherlands,2013,30.3,b,
ESTAT:LFSA_EWHUN2(1.0),11/12/25 23:00:00,Annual,Total - all NACE activities,Employed persons,Total,From 15 to 64 years,Total,Hour,Netherlands,2014,30.5,,
ESTAT:LFSA_EWHUN2(1.0),11/12/25 23:00:00,Annual,Total - all NACE activities,Employed persons,Total,From 15 to 64 years,Total,Hour,Netherlands,2015,30.4,,
ESTAT:LFSA_EWHUN2(1.0),11/12/25 23:00:00,Annual,Total - all NACE activities,Employed persons,Total,From 15 to 64 years,Total,Hour,Netherlands,2016,30.6,,
ESTAT:LFSA_EWHUN2(1.0),11/12/25 23:00:00,Annual,Total - all NACE activities,Employed persons,Total,From 15 to 64 years,Total,Hour,Netherlands,2017,30.6,,
ESTAT:LFSA_EWHUN2(1.0),11/12/25 23:00:00,Annual,Total - all NACE activities,Employed persons,Total,From 15 to 64 years,Total,Hour,Netherlands,2018,30.7,,
ESTAT:LFSA_EWHUN2(1.0),11/12/25 23:00:00,Annual,Total - all NACE activities,Employed persons,Total,From 15 to 64 years,Total,Hour,Netherlands,2019,30.8,,
ESTAT:LFSA_EWHUN2(1.0),11/12/25 23:00:00,Annual,Total - all NACE activities,Employed persons,Total,From 15 to 64 years,Total,Hour,Netherlands,2020,30.6,,
ESTAT:LFSA_EWHUN2(1.0),11/12/25 23:00:00,Annual,Total - all NACE activities,Employed persons,Total,From 15 to 64 years,Total,Hour,Netherlands,2021,31.5,b,
ESTAT:LFSA_EWHUN2(1.0),11/12/25 23:00:00,Annual,Total - all NACE activities,Employed persons,Total,From 15 to 64 years,Total,Hour,Netherlands,2022,31.7,,
ESTAT:LFSA_EWHUN2(1.0),11/12/25 23:00:00,Annual,Total - all NACE activities,Employed persons,Total,From 15 to 64 years,Total,Hour,Netherlands,2023,31.6,,
ESTAT:LFSA_EWHUN2(1.0),11/12/25 23:00:00,Annual,Total - all NACE activities,Employed persons,Total,From 15 to 64 years,Total,Hour,Netherlands,2024,31.6,,
ESTAT:LFSA_EWHUN2(1.0),11/12/25 23:00:00,Annual,Total - all NACE activities,Employed persons,Total,From 15 to 64 years,Total,Hour,Norway,2008,33.9,,
ESTAT:LFSA_EWHUN2(1.0),11/12/25 23:00:00,Annual,Total - all NACE activities,Employed persons,Total,From 15 to 64 years,Total,Hour,Norway,2009,33.8,,
ESTAT:LFSA_EWHUN2(1.0),11/12/25 23:00:00,Annual,Total - all NACE activities,Employed persons,Total,From 15 to 64 years,Total,Hour,Norway,2010,33.8,,
ESTAT:LFSA_EWHUN2(1.0),11/12/25 23:00:00,Annual,Total - all NACE activities,Employed persons,Total,From 15 to 64 years,Total,Hour,Norway,2011,33.8,,
ESTAT:LFSA_EWHUN2(1.0),11/12/25 23:00:00,Annual,Total - all NACE activities,Employed persons,Total,From 15 to 64 years,Total,Hour,Norway,2012,33.9,,
ESTAT:LFSA_EWHUN2(1.0),11/12/25 23:00:00,Annual,Total - all NACE activities,Employed persons,Total,From 15 to 64 years,Total,Hour,Norway,2013,33.9,,
ESTAT:LFSA_EWHUN2(1.0),11/12/25 23:00:00,Annual,Total - all NACE activities,Employed persons,Total,From 15 to 64 years,Total,Hour,Norway,2014,34.1,,
ESTAT:LFSA_EWHUN2(1.0),11/12/25 23:00:00,Annual,Total - all NACE activities,Employed persons,Total,From 15 to 64 years,Total,Hour,Norway,2015,33.9,,
ESTAT:LFSA_EWHUN2(1.0),11/12/25 23:00:00,Annual,Total - all NACE activities,Employed persons,Total,From 15 to 64 years,Total,Hour,Norway,2016,34.0,,
ESTAT:LFSA_EWHUN2(1.0),11/12/25 23:00:00,Annual,Total - all NACE activities,Employed persons,Total,From 15 to 64 years,Total,Hour,Norway,2017,34.1,,
ESTAT:LFSA_EWHUN2(1.0),11/12/25 23:00:00,Annual,Total - all NACE activities,Employed persons,Total,From 15 to 64 years,Total,Hour,Norway,2018,34.0,,
ESTAT:LFSA_EWHUN2(1.0),11/12/25 23:00:00,Annual,Total - all NACE activities,Employed persons,Total,From 15 to 64 years,Total,Hour,Norway,2019,33.9,,
ESTAT:LFSA_EWHUN2(1.0),11/12/25 23:00:00,Annual,Total - all NACE activities,Employed persons,Total,From 15 to 64 years,Total,Hour,Norway,2020,33.9,,
ESTAT:LFSA_EWHUN2(1.0),11/12/25 23:00:00,Annual,Total - all NACE activities,Employed persons,Total,From 15 to 64 years,Total,Hour,Norway,2021,34.4,b,
ESTAT:LFSA_EWHUN2(1.0),11/12/25 23:00:00,Annual,Total - all NACE activities,Employed persons,Total,From 15 to 64 years,Total,Hour,Norway,2022,34.5,,
ESTAT:LFSA_EWHUN2(1.0),11/12/25 23:00:00,Annual,Total - all NACE activities,Employed persons,Total,From 15 to 64 years,Total,Hour,Norway,2023,34.5,,
ESTAT:LFSA_EWHUN2(1.0),11/12/25 23:00:00,Annual,Total - all NACE activities,Employed persons,Total,From 15 to 64 years,Total,Hour,Norway,2024,34.7,,
ESTAT:LFSA_EWHUN2(1.0),11/12/25 23:00:00,Annual,Total - all NACE activities,Employed persons,Total,From 15 to 64 years,Total,Hour,Poland,2008,41.2,,
ESTAT:LFSA_EWHUN2(1.0),11/12/25 23:00:00,Annual,Total - all NACE activities,Employed persons,Total,From 15 to 64 years,Total,Hour,Poland,2009,40.9,,
ESTAT:LFSA_EWHUN2(1.0),11/12/25 23:00:00,Annual,Total - all NACE activities,Employed persons,Total,From 15 to 64 years,Total,Hour,Poland,2010,40.8,b,
ESTAT:LFSA_EWHUN2(1.0),11/12/25 23:00:00,Annual,Total - all NACE activities,Employed persons,Total,From 15 to 64 years,Total,Hour,Poland,2011,40.7,,
ESTAT:LFSA_EWHUN2(1.0),11/12/25 23:00:00,Annual,Total - all NACE activities,Employed persons,Total,From 15 to 64 years,Total,Hour,Poland,2012,40.9,,
ESTAT:LFSA_EWHUN2(1.0),11/12/25 23:00:00,Annual,Total - all NACE activities,Employed persons,Total,From 15 to 64 years,Total,Hour,Poland,2013,40.9,,
ESTAT:LFSA_EWHUN2(1.0),11/12/25 23:00:00,Annual,Total - all NACE activities,Employed persons,Total,From 15 to 64 years,Total,Hour,Poland,2014,40.9,,
ESTAT:LFSA_EWHUN2(1.0),11/12/25 23:00:00,Annual,Total - all NACE activities,Employed persons,Total,From 15 to 64 years,Total,Hour,Poland,2015,40.9,,
ESTAT:LFSA_EWHUN2(1.0),11/12/25 23:00:00,Annual,Total - all NACE activities,Employed persons,Total,From 15 to 64 years,Total,Hour,Poland,2016,40.8,,
ESTAT:LFSA_EWHUN2(1.0),11/12/25 23:00:00,Annual,Total - all NACE activities,Employed persons,Total,From 15 to 64 years,Total,Hour,Poland,2017,40.6,,
ESTAT:LFSA_EWHUN2(1.0),11/12/25 23:00:00,Annual,Total - all NACE activities,Employed persons,Total,From 15 to 64 years,Total,Hour,Poland,2018,40.6,,
ESTAT:LFSA_EWHUN2(1.0),11/12/25 23:00:00,Annual,Total - all NACE activities,Employed persons,Total,From 15 to 64 years,Total,Hour,Poland,2019,40.5,b,
ESTAT:LFSA_EWHUN2(1.0),11/12/25 23:00:00,Annual,Total - all NACE activities,Employed persons,Total,From 15 to 64 years,Total,Hour,Poland,2020,40.3,,
ESTAT:LFSA_EWHUN2(1.0),11/12/25 23:00:00,Annual,Total - all NACE activities,Employed persons,Total,From 15 to 64 years,Total,Hour,Poland,2021,40.4,b,
ESTAT:LFSA_EWHUN2(1.0),11/12/25 23:00:00,Annual,Total - all NACE activities,Employed persons,Total,From 15 to 64 years,Total,Hour,Poland,2022,40.4,,
ESTAT:LFSA_EWHUN2(1.0),11/12/25 23:00:00,Annual,Total - all NACE activities,Employed persons,Total,From 15 to 64 years,Total,Hour,Poland,2023,40.2,,
ESTAT:LFSA_EWHUN2(1.0),11/12/25 23:00:00,Annual,Total - all NACE activities,Employed persons,Total,From 15 to 64 years,Total,Hour,Poland,2024,40.1,,
ESTAT:LFSA_EWHUN2(1.0),11/12/25 23:00:00,Annual,Total - all NACE activities,Employed persons,Total,From 15 to 64 years,Total,Hour,Portugal,2008,39.7,,
ESTAT:LFSA_EWHUN2(1.0),11/12/25 23:00:00,Annual,Total - all NACE activities,Employed persons,Total,From 15 to 64 years,Total,Hour,Portugal,2009,39.6,,
ESTAT:LFSA_EWHUN2(1.0),11/12/25 23:00:00,Annual,Total - all NACE activities,Employed persons,Total,From 15 to 64 years,Total,Hour,Portugal,2010,39.6,,
ESTAT:LFSA_EWHUN2(1.0),11/12/25 23:00:00,Annual,Total - all NACE activities,Employed persons,Total,From 15 to 64 years,Total,Hour,Portugal,2011,39.9,b,
ESTAT:LFSA_EWHUN2(1.0),11/12/25 23:00:00,Annual,Total - all NACE activities,Employed persons,Total,From 15 to 64 years,Total,Hour,Portugal,2012,39.9,,
ESTAT:LFSA_EWHUN2(1.0),11/12/25 23:00:00,Annual,Total - all NACE activities,Employed persons,Total,From 15 to 64 years,Total,Hour,Portugal,2013,40.1,,
ESTAT:LFSA_EWHUN2(1.0),11/12/25 23:00:00,Annual,Total - all NACE activities,Employed persons,Total,From 15 to 64 years,Total,Hour,Portugal,2014,40.4,,
ESTAT:LFSA_EWHUN2(1.0),11/12/25 23:00:00,Annual,Total - all NACE activities,Employed persons,Total,From 15 to 64 years,Total,Hour,Portugal,2015,40.1,,
ESTAT:LFSA_EWHUN2(1.0),11/12/25 23:00:00,Annual,Total - all NACE activities,Employed persons,Total,From 15 to 64 years,Total,Hour,Portugal,2016,39.9,,
ESTAT:LFSA_EWHUN2(1.0),11/12/25 23:00:00,Annual,Total - all NACE activities,Employed persons,Total,From 15 to 64 years,Total,Hour,Portugal,2017,40.0,,
ESTAT:LFSA_EWHUN2(1.0),11/12/25 23:00:00,Annual,Total - all NACE activities,Employed persons,Total,From 15 to 64 years,Total,Hour,Portugal,2018,40.0,,
ESTAT:LFSA_EWHUN2(1.0),11/12/25 23:00:00,Annual,Total - all NACE activities,Employed persons,Total,From 15 to 64 years,Total,Hour,Portugal,2019,39.9,,
ESTAT:LFSA_EWHUN2(1.0),11/12/25 23:00:00,Annual,Total - all NACE activities,Employed persons,Total,From 15 to 64 years,Total,Hour,Portugal,2020,39.7,,
ESTAT:LFSA_EWHUN2(1.0),11/12/25 23:00:00,Annual,Total - all NACE activities,Employed persons,Total,From 15 to 64 years,Total,Hour,Portugal,2021,39.9,b,
ESTAT:LFSA_EWHUN2(1.0),11/12/25 23:00:00,Annual,Total - all NACE activities,Employed persons,Total,From 15 to 64 years,Total,Hour,Portugal,2022,39.9,,
ESTAT:LFSA_EWHUN2(1.0),11/12/25 23:00:00,Annual,Total - all NACE activities,Employed persons,Total,From 15 to 64 years,Total,Hour,Portugal,2023,39.8,,
ESTAT:LFSA_EWHUN2(1.0),11/12/25 23:00:00,Annual,Total - all NACE activities,Employed persons,Total,From 15 to 64 years,Total,Hour,Portugal,2024,39.7,,
ESTAT:LFSA_EWHUN2(1.0),11/12/25 23:00:00,Annual,Total - all NACE activities,Employed persons,Total,From 15 to 64 years,Total,Hour,Romania,2008,40.8,,
ESTAT:LFSA_EWHUN2(1.0),11/12/25 23:00:00,Annual,Total - all NACE activities,Employed persons,Total,From 15 to 64 years,Total,Hour,Romania,2009,40.6,,
ESTAT:LFSA_EWHUN2(1.0),11/12/25 23:00:00,Annual,Total - all NACE activities,Employed persons,Total,From 15 to 64 years,Total,Hour,Romania,2010,40.4,b,
ESTAT:LFSA_EWHUN2(1.0),11/12/25 23:00:00,Annual,Total - all NACE activities,Employed persons,Total,From 15 to 64 years,Total,Hour,Romania,2011,40.4,,
ESTAT:LFSA_EWHUN2(1.0),11/12/25 23:00:00,Annual,Total - all NACE activities,Employed persons,Total,From 15 to 64 years,Total,Hour,Romania,2012,40.4,,
ESTAT:LFSA_EWHUN2(1.0),11/12/25 23:00:00,Annual,Total - all NACE activities,Employed persons,Total,From 15 to 64 years,Total,Hour,Romania,2013,40.2,,
ESTAT:LFSA_EWHUN2(1.0),11/12/25 23:00:00,Annual,Total - all NACE activities,Employed persons,Total,From 15 to 64 years,Total,Hour,Romania,2014,40.2,,
ESTAT:LFSA_EWHUN2(1.0),11/12/25 23:00:00,Annual,Total - all NACE activities,Employed persons,Total,From 15 to 64 years,Total,Hour,Romania,2015,40.0,,
ESTAT:LFSA_EWHUN2(1.0),11/12/25 23:00:00,Annual,Total - all NACE activities,Employed persons,Total,From 15 to 64 years,Total,Hour,Romania,2016,40.0,,
ESTAT:LFSA_EWHUN2(1.0),11/12/25 23:00:00,Annual,Total - all NACE activities,Employed persons,Total,From 15 to 64 years,Total,Hour,Romania,2017,39.9,,
ESTAT:LFSA_EWHUN2(1.0),11/12/25 23:00:00,Annual,Total - all NACE activities,Employed persons,Total,From 15 to 64 years,Total,Hour,Romania,2018,39.8,,
ESTAT:LFSA_EWHUN2(1.0),11/12/25 23:00:00,Annual,Total - all NACE activities,Employed persons,Total,From 15 to 64 years,Total,Hour,Romania,2019,40.0,,
ESTAT:LFSA_EWHUN2(1.0),11/12/25 23:00:00,Annual,Total - all NACE activities,Employed persons,Total,From 15 to 64 years,Total,Hour,Romania,2020,39.9,,
ESTAT:LFSA_EWHUN2(1.0),11/12/25 23:00:00,Annual,Total - all NACE activities,Employed persons,Total,From 15 to 64 years,Total,Hour,Romania,2021,40.2,b,
ESTAT:LFSA_EWHUN2(1.0),11/12/25 23:00:00,Annual,Total - all NACE activities,Employed persons,Total,From 15 to 64 years,Total,Hour,Romania,2022,40.2,,
ESTAT:LFSA_EWHUN2(1.0),11/12/25 23:00:00,Annual,Total - all NACE activities,Employed persons,Total,From 15 to 64 years,Total,Hour,Romania,2023,40.1,,
ESTAT:LFSA_EWHUN2(1.0),11/12/25 23:00:00,Annual,Total - all NACE activities,Employed persons,Total,From 15 to 64 years,Total,Hour,Romania,2024,40.0,,
ESTAT:LFSA_EWHUN2(1.0),11/12/25 23:00:00,Annual,Total - all NACE activities,Employed persons,Total,From 15 to 64 years,Total,Hour,Serbia,2010,42.9,,
ESTAT:LFSA_EWHUN2(1.0),11/12/25 23:00:00,Annual,Total - all NACE activities,Employed persons,Total,From 15 to 64 years,Total,Hour,Serbia,2011,42.9,,
ESTAT:LFSA_EWHUN2(1.0),11/12/25 23:00:00,Annual,Total - all NACE activities,Employed persons,Total,From 15 to 64 years,Total,Hour,Serbia,2012,43.6,,
ESTAT:LFSA_EWHUN2(1.0),11/12/25 23:00:00,Annual,Total - all NACE activities,Employed persons,Total,From 15 to 64 years,Total,Hour,Serbia,2013,43.0,,
ESTAT:LFSA_EWHUN2(1.0),11/12/25 23:00:00,Annual,Total - all NACE activities,Employed persons,Total,From 15 to 64 years,Total,Hour,Serbia,2014,43.0,b,
ESTAT:LFSA_EWHUN2(1.0),11/12/25 23:00:00,Annual,Total - all NACE activities,Employed persons,Total,From 15 to 64 years,Total,Hour,Serbia,2015,43.6,,
ESTAT:LFSA_EWHUN2(1.0),11/12/25 23:00:00,Annual,Total - all NACE activities,Employed persons,Total,From 15 to 64 years,Total,Hour,Serbia,2016,43.4,,
ESTAT:LFSA_EWHUN2(1.0),11/12/25 23:00:00,Annual,Total - all NACE activities,Employed persons,Total,From 15 to 64 years,Total,Hour,Serbia,2017,43.0,,
ESTAT:LFSA_EWHUN2(1.0),11/12/25 23:00:00,Annual,Total - all NACE activities,Employed persons,Total,From 15 to 64 years,Total,Hour,Serbia,2018,43.0,,
ESTAT:LFSA_EWHUN2(1.0),11/12/25 23:00:00,Annual,Total - all NACE activities,Employed persons,Total,From 15 to 64 years,Total,Hour,Serbia,2019,42.8,,
ESTAT:LFSA_EWHUN2(1.0),11/12/25 23:00:00,Annual,Total - all NACE activities,Employed persons,Total,From 15 to 64 years,Total,Hour,Serbia,2020,42.7,,
ESTAT:LFSA_EWHUN2(1.0),11/12/25 23:00:00,Annual,Total - all NACE activities,Employed persons,Total,From 15 to 64 years,Total,Hour,Serbia,2021,43.1,b,
ESTAT:LFSA_EWHUN2(1.0),11/12/25 23:00:00,Annual,Total - all NACE activities,Employed persons,Total,From 15 to 64 years,Total,Hour,Serbia,2022,43.0,,
ESTAT:LFSA_EWHUN2(1.0),11/12/25 23:00:00,Annual,Total - all NACE activities,Employed persons,Total,From 15 to 64 years,Total,Hour,Serbia,2023,42.6,,
ESTAT:LFSA_EWHUN2(1.0),11/12/25 23:00:00,Annual,Total - all NACE activities,Employed persons,Total,From 15 to 64 years,Total,Hour,Serbia,2024,42.2,,
ESTAT:LFSA_EWHUN2(1.0),11/12/25 23:00:00,Annual,Total - all NACE activities,Employed persons,Total,From 15 to 64 years,Total,Hour,Sweden,2008,36.6,,
ESTAT:LFSA_EWHUN2(1.0),11/12/25 23:00:00,Annual,Total - all NACE activities,Employed persons,Total,From 15 to 64 years,Total,Hour,Sweden,2009,36.6,,
ESTAT:LFSA_EWHUN2(1.0),11/12/25 23:00:00,Annual,Total - all NACE activities,Employed persons,Total,From 15 to 64 years,Total,Hour,Sweden,2010,36.7,,
ESTAT:LFSA_EWHUN2(1.0),11/12/25 23:00:00,Annual,Total - all NACE activities,Employed persons,Total,From 15 to 64 years,Total,Hour,Sweden,2011,36.7,,
ESTAT:LFSA_EWHUN2(1.0),11/12/25 23:00:00,Annual,Total - all NACE activities,Employed persons,Total,From 15 to 64 years,Total,Hour,Sweden,2012,36.8,,
ESTAT:LFSA_EWHUN2(1.0),11/12/25 23:00:00,Annual,Total - all NACE activities,Employed persons,Total,From 15 to 64 years,Total,Hour,Sweden,2013,36.8,,
ESTAT:LFSA_EWHUN2(1.0),11/12/25 23:00:00,Annual,Total - all NACE activities,Employed persons,Total,From 15 to 64 years,Total,Hour,Sweden,2014,36.8,,
ESTAT:LFSA_EWHUN2(1.0),11/12/25 23:00:00,Annual,Total - all NACE activities,Employed persons,Total,From 15 to 64 years,Total,Hour,Sweden,2015,36.8,,
ESTAT:LFSA_EWHUN2(1.0),11/12/25 23:00:00,Annual,Total - all NACE activities,Employed persons,Total,From 15 to 64 years,Total,Hour,Sweden,2016,36.9,,
ESTAT:LFSA_EWHUN2(1.0),11/12/25 23:00:00,Annual,Total - all NACE activities,Employed persons,Total,From 15 to 64 years,Total,Hour,Sweden,2017,36.8,,
ESTAT:LFSA_EWHUN2(1.0),11/12/25 23:00:00,Annual,Total - all NACE activities,Employed persons,Total,From 15 to 64 years,Total,Hour,Sweden,2018,36.9,b,
ESTAT:LFSA_EWHUN2(1.0),11/12/25 23:00:00,Annual,Total - all NACE activities,Employed persons,Total,From 15 to 64 years,Total,Hour,Sweden,2019,36.9,,
ESTAT:LFSA_EWHUN2(1.0),11/12/25 23:00:00,Annual,Total - all NACE activities,Employed persons,Total,From 15 to 64 years,Total,Hour,Sweden,2020,36.8,,
ESTAT:LFSA_EWHUN2(1.0),11/12/25 23:00:00,Annual,Total - all NACE activities,Employed persons,Total,From 15 to 64 years,Total,Hour,Sweden,2021,38.4,b,
ESTAT:LFSA_EWHUN2(1.0),11/12/25 23:00:00,Annual,Total - all NACE activities,Employed persons,Total,From 15 to 64 years,Total,Hour,Sweden,2022,38.4,,
ESTAT:LFSA_EWHUN2(1.0),11/12/25 23:00:00,Annual,Total - all NACE activities,Employed persons,Total,From 15 to 64 years,Total,Hour,Sweden,2023,38.3,,
ESTAT:LFSA_EWHUN2(1.0),11/12/25 23:00:00,Annual,Total - all NACE activities,Employed persons,Total,From 15 to 64 years,Total,Hour,Sweden,2024,38.3,,
ESTAT:LFSA_EWHUN2(1.0),11/12/25 23:00:00,Annual,Total - all NACE activities,Employed persons,Total,From 15 to 64 years,Total,Hour,Slovenia,2008,40.6,,
ESTAT:LFSA_EWHUN2(1.0),11/12/25 23:00:00,Annual,Total - all NACE activities,Employed persons,Total,From 15 to 64 years,Total,Hour,Slovenia,2009,40.0,,
ESTAT:LFSA_EWHUN2(1.0),11/12/25 23:00:00,Annual,Total - all NACE activities,Employed persons,Total,From 15 to 64 years,Total,Hour,Slovenia,2010,39.6,,
ESTAT:LFSA_EWHUN2(1.0),11/12/25 23:00:00,Annual,Total - all NACE activities,Employed persons,Total,From 15 to 64 years,Total,Hour,Slovenia,2011,39.6,,
ESTAT:LFSA_EWHUN2(1.0),11/12/25 23:00:00,Annual,Total - all NACE activities,Employed persons,Total,From 15 to 64 years,Total,Hour,Slovenia,2012,39.9,,
ESTAT:LFSA_EWHUN2(1.0),11/12/25 23:00:00,Annual,Total - all NACE activities,Employed persons,Total,From 15 to 64 years,Total,Hour,Slovenia,2013,39.7,,
ESTAT:LFSA_EWHUN2(1.0),11/12/25 23:00:00,Annual,Total - all NACE activities,Employed persons,Total,From 15 to 64 years,Total,Hour,Slovenia,2014,39.5,,
ESTAT:LFSA_EWHUN2(1.0),11/12/25 23:00:00,Annual,Total - all NACE activities,Employed persons,Total,From 15 to 64 years,Total,Hour,Slovenia,2015,39.4,,
ESTAT:LFSA_EWHUN2(1.0),11/12/25 23:00:00,Annual,Total - all NACE activities,Employed persons,Total,From 15 to 64 years,Total,Hour,Slovenia,2016,39.5,,
ESTAT:LFSA_EWHUN2(1.0),11/12/25 23:00:00,Annual,Total - all NACE activities,Employed persons,Total,From 15 to 64 years,Total,Hour,Slovenia,2017,39.3,,
ESTAT:LFSA_EWHUN2(1.0),11/12/25 23:00:00,Annual,Total - all NACE activities,Employed persons,Total,From 15 to 64 years,Total,Hour,Slovenia,2018,39.4,,
ESTAT:LFSA_EWHUN2(1.0),11/12/25 23:00:00,Annual,Total - all NACE activities,Employed persons,Total,From 15 to 64 years,Total,Hour,Slovenia,2019,39.6,,
ESTAT:LFSA_EWHUN2(1.0),11/12/25 23:00:00,Annual,Total - all NACE activities,Employed persons,Total,From 15 to 64 years,Total,Hour,Slovenia,2020,39.6,,
ESTAT:LFSA_EWHUN2(1.0),11/12/25 23:00:00,Annual,Total - all NACE activities,Employed persons,Total,From 15 to 64 years,Total,Hour,Slovenia,2021,39.6,b,
ESTAT:LFSA_EWHUN2(1.0),11/12/25 23:00:00,Annual,Total - all NACE activities,Employed persons,Total,From 15 to 64 years,Total,Hour,Slovenia,2022,39.5,,
ESTAT:LFSA_EWHUN2(1.0),11/12/25 23:00:00,Annual,Total - all NACE activities,Employed persons,Total,From 15 to 64 years,Total,Hour,Slovenia,2023,39.4,,
ESTAT:LFSA_EWHUN2(1.0),11/12/25 23:00:00,Annual,Total - all NACE activities,Employed persons,Total,From 15 to 64 years,Total,Hour,Slovenia,2024,39.4,,
ESTAT:LFSA_EWHUN2(1.0),11/12/25 23:00:00,Annual,Total - all NACE activities,Employed persons,Total,From 15 to 64 years,Total,Hour,Slovakia,2008,41.0,,
ESTAT:LFSA_EWHUN2(1.0),11/12/25 23:00:00,Annual,Total - all NACE activities,Employed persons,Total,From 15 to 64 years,Total,Hour,Slovakia,2009,40.8,,
ESTAT:LFSA_EWHUN2(1.0),11/12/25 23:00:00,Annual,Total - all NACE activities,Employed persons,Total,From 15 to 64 years,Total,Hour,Slovakia,2010,40.6,,
ESTAT:LFSA_EWHUN2(1.0),11/12/25 23:00:00,Annual,Total - all NACE activities,Employed persons,Total,From 15 to 64 years,Total,Hour,Slovakia,2011,40.6,b,
ESTAT:LFSA_EWHUN2(1.0),11/12/25 23:00:00,Annual,Total - all NACE activities,Employed persons,Total,From 15 to 64 years,Total,Hour,Slovakia,2012,40.8,,
ESTAT:LFSA_EWHUN2(1.0),11/12/25 23:00:00,Annual,Total - all NACE activities,Employed persons,Total,From 15 to 64 years,Total,Hour,Slovakia,2013,40.8,,
ESTAT:LFSA_EWHUN2(1.0),11/12/25 23:00:00,Annual,Total - all NACE activities,Employed persons,Total,From 15 to 64 years,Total,Hour,Slovakia,2014,40.5,,
ESTAT:LFSA_EWHUN2(1.0),11/12/25 23:00:00,Annual,Total - all NACE activities,Employed persons,Total,From 15 to 64 years,Total,Hour,Slovakia,2015,40.3,,
ESTAT:LFSA_EWHUN2(1.0),11/12/25 23:00:00,Annual,Total - all NACE activities,Employed persons,Total,From 15 to 64 years,Total,Hour,Slovakia,2016,40.1,,
ESTAT:LFSA_EWHUN2(1.0),11/12/25 23:00:00,Annual,Total - all NACE activities,Employed persons,Total,From 15 to 64 years,Total,Hour,Slovakia,2017,39.9,,
ESTAT:LFSA_EWHUN2(1.0),11/12/25 23:00:00,Annual,Total - all NACE activities,Employed persons,Total,From 15 to 64 years,Total,Hour,Slovakia,2018,40.1,,
ESTAT:LFSA_EWHUN2(1.0),11/12/25 23:00:00,Annual,Total - all NACE activities,Employed persons,Total,From 15 to 64 years,Total,Hour,Slovakia,2019,40.2,,
ESTAT:LFSA_EWHUN2(1.0),11/12/25 23:00:00,Annual,Total - all NACE activities,Employed persons,Total,From 15 to 64 years,Total,Hour,Slovakia,2020,40.0,,
ESTAT:LFSA_EWHUN2(1.0),11/12/25 23:00:00,Annual,Total - all NACE activities,Employed persons,Total,From 15 to 64 years,Total,Hour,Slovakia,2021,39.6,b,
ESTAT:LFSA_EWHUN2(1.0),11/12/25 23:00:00,Annual,Total - all NACE activities,Employed persons,Total,From 15 to 64 years,Total,Hour,Slovakia,2022,39.6,,
ESTAT:LFSA_EWHUN2(1.0),11/12/25 23:00:00,Annual,Total - all NACE activities,Employed persons,Total,From 15 to 64 years,Total,Hour,Slovakia,2023,39.6,,
ESTAT:LFSA_EWHUN2(1.0),11/12/25 23:00:00,Annual,Total - all NACE activities,Employed persons,Total,From 15 to 64 years,Total,Hour,Slovakia,2024,39.5,,
ESTAT:LFSA_EWHUN2(1.0),11/12/25 23:00:00,Annual,Total - all NACE activities,Employed persons,Total,From 15 to 64 years,Total,Hour,Türkiye,2008,50.8,,
ESTAT:LFSA_EWHUN2(1.0),11/12/25 23:00:00,Annual,Total - all NACE activities,Employed persons,Total,From 15 to 64 years,Total,Hour,Türkiye,2009,49.7,,
ESTAT:LFSA_EWHUN2(1.0),11/12/25 23:00:00,Annual,Total - all NACE activities,Employed persons,Total,From 15 to 64 years,Total,Hour,Türkiye,2010,49.5,,
ESTAT:LFSA_EWHUN2(1.0),11/12/25 23:00:00,Annual,Total - all NACE activities,Employed persons,Total,From 15 to 64 years,Total,Hour,Türkiye,2011,49.1,,
ESTAT:LFSA_EWHUN2(1.0),11/12/25 23:00:00,Annual,Total - all NACE activities,Employed persons,Total,From 15 to 64 years,Total,Hour,Türkiye,2012,48.6,,
ESTAT:LFSA_EWHUN2(1.0),11/12/25 23:00:00,Annual,Total - all NACE activities,Employed persons,Total,From 15 to 64 years,Total,Hour,Türkiye,2013,48.1,,
ESTAT:LFSA_EWHUN2(1.0),11/12/25 23:00:00,Annual,Total - all NACE activities,Employed persons,Total,From 15 to 64 years,Total,Hour,Türkiye,2014,47.9,b,
ESTAT:LFSA_EWHUN2(1.0),11/12/25 23:00:00,Annual,Total - all NACE activities,Employed persons,Total,From 15 to 64 years,Total,Hour,Türkiye,2015,47.6,,
ESTAT:LFSA_EWHUN2(1.0),11/12/25 23:00:00,Annual,Total - all NACE activities,Employed persons,Total,From 15 to 64 years,Total,Hour,Türkiye,2016,47.0,,
ESTAT:LFSA_EWHUN2(1.0),11/12/25 23:00:00,Annual,Total - all NACE activities,Employed persons,Total,From 15 to 64 years,Total,Hour,Türkiye,2017,46.6,,
ESTAT:LFSA_EWHUN2(1.0),11/12/25 23:00:00,Annual,Total - all NACE activities,Employed persons,Total,From 15 to 64 years,Total,Hour,Türkiye,2018,45.9,,
ESTAT:LFSA_EWHUN2(1.0),11/12/25 23:00:00,Annual,Total - all NACE activities,Employed persons,Total,From 15 to 64 years,Total,Hour,Türkiye,2019,45.6,,
ESTAT:LFSA_EWHUN2(1.0),11/12/25 23:00:00,Annual,Total - all NACE activities,Employed persons,Total,From 15 to 64 years,Total,Hour,Türkiye,2020,44.7,,
ESTAT:LFSA_EWHUN2(1.0),11/12/25 23:00:00,Annual,Total - all NACE activities,Employed persons,Total,From 15 to 64 years,Total,Hour,Türkiye,2021,45.3,b,
ESTAT:LFSA_EWHUN2(1.0),11/12/25 23:00:00,Annual,Total - all NACE activities,Employed persons,Total,From 15 to 64 years,Total,Hour,Türkiye,2022,45.1,,
ESTAT:LFSA_EWHUN2(1.0),11/12/25 23:00:00,Annual,Total - all NACE activities,Employed persons,Total,From 15 to 64 years,Total,Hour,Türkiye,2023,45.0,,
ESTAT:LFSA_EWHUN2(1.0),11/12/25 23:00:00,Annual,Total - all NACE activities,Employed persons,Total,From 15 to 64 years,Total,Hour,Türkiye,2024,44.2,,
ESTAT:LFSA_EWHUN2(1.0),11/12/25 23:00:00,Annual,Total - all NACE activities,Employed persons,Total,From 15 to 64 years,Total,Hour,United Kingdom,2008,37.2,b,
ESTAT:LFSA_EWHUN2(1.0),11/12/25 23:00:00,Annual,Total - all NACE activities,Employed persons,Total,From 15 to 64 years,Total,Hour,United Kingdom,2009,36.8,,
ESTAT:LFSA_EWHUN2(1.0),11/12/25 23:00:00,Annual,Total - all NACE activities,Employed persons,Total,From 15 to 64 years,Total,Hour,United Kingdom,2010,36.7,,
ESTAT:LFSA_EWHUN2(1.0),11/12/25 23:00:00,Annual,Total - all NACE activities,Employed persons,Total,From 15 to 64 years,Total,Hour,United Kingdom,2011,36.7,,
ESTAT:LFSA_EWHUN2(1.0),11/12/25 23:00:00,Annual,Total - all NACE activities,Employed persons,Total,From 15 to 64 years,Total,Hour,United Kingdom,2012,36.7,,
ESTAT:LFSA_EWHUN2(1.0),11/12/25 23:00:00,Annual,Total - all NACE activities,Employed persons,Total,From 15 to 64 years,Total,Hour,United Kingdom,2013,36.8,,
ESTAT:LFSA_EWHUN2(1.0),11/12/25 23:00:00,Annual,Total - all NACE activities,Employed persons,Total,From 15 to 64 years,Total,Hour,United Kingdom,2014,37.0,,
ESTAT:LFSA_EWHUN2(1.0),11/12/25 23:00:00,Annual,Total - all NACE activities,Employed persons,Total,From 15 to 64 years,Total,Hour,United Kingdom,2015,37.1,,
ESTAT:LFSA_EWHUN2(1.0),11/12/25 23:00:00,Annual,Total - all NACE activities,Employed persons,Total,From 15 to 64 years,Total,Hour,United Kingdom,2016,37.0,,
ESTAT:LFSA_EWHUN2(1.0),11/12/25 23:00:00,Annual,Total - all NACE activities,Employed persons,Total,From 15 to 64 years,Total,Hour,United Kingdom,2017,37.0,,
ESTAT:LFSA_EWHUN2(1.0),11/12/25 23:00:00,Annual,Total - all NACE activities,Employed persons,Total,From 15 to 64 years,Total,Hour,United Kingdom,2018,36.9,,
ESTAT:LFSA_EWHUN2(1.0),11/12/25 23:00:00,Annual,Total - all NACE activities,Employed persons,Total,From 15 to 64 years,Total,Hour,United Kingdom,2019,37.0,,
